,Open,High,Low,Close,Volume,Adj Close
2022-06-30,1287.7099609375,1303.4300537109375,1288.050048828125,1287.7099609375,0.0,1287.7099609375
2022-07-03,1297.8900146484375,1299.7900390625,1292.6700439453125,1297.8900146484375,0.0,1297.8900146484375
2022-07-04,1295.6800537109375,1315.469970703125,1293.300048828125,1295.6800537109375,0.0,1295.6800537109375
2022-07-05,1308.6600341796875,1310.5699462890625,1301.68994140625,1308.6600341796875,0.0,1308.6600341796875
2022-07-06,1304.8499755859375,1308.1400146484375,1296.0899658203125,1304.8499755859375,0.0,1304.8499755859375
2022-07-07,1297.6500244140625,1304.6500244140625,1291.8399658203125,1297.6500244140625,0.0,1297.6500244140625
2022-07-10,1293.7900390625,1314.550048828125,1293.7900390625,1293.7900390625,0.0,1293.7900390625
2022-07-11,1310.8599853515625,1316.219970703125,1302.0899658203125,1310.8599853515625,0.0,1310.8599853515625
2022-07-12,1305.8299560546875,1311.010009765625,1299.3800048828125,1305.8299560546875,0.0,1305.8299560546875
2022-07-13,1304.8499755859375,1327.010009765625,1304.1800537109375,1304.8499755859375,0.0,1304.8499755859375
2022-07-14,1316.1800537109375,1329.1500244140625,1315.800048828125,1316.1800537109375,0.0,1316.1800537109375
2022-07-17,1318.1199951171875,1321.469970703125,1311.0699462890625,1318.1199951171875,0.0,1318.1199951171875
2022-07-18,1318.9100341796875,1319.25,1303.6800537109375,1318.9100341796875,0.0,1318.9100341796875
2022-07-19,1305.5,1313.43994140625,1302.5,1305.5,0.0,1305.5
2022-07-20,1312.8699951171875,1316.4300537109375,1306.030029296875,1312.8699951171875,0.0,1312.8699951171875
2022-07-21,1306.8499755859375,1316.510009765625,1304.22998046875,1306.8499755859375,0.0,1306.8499755859375
2022-07-24,1309.3199462890625,1313.5799560546875,1306.989990234375,1309.3199462890625,0.0,1309.3199462890625
2022-07-25,1310.4000244140625,1312.6099853515625,1305.949951171875,1310.4000244140625,0.0,1310.4000244140625
2022-07-26,1310.9000244140625,1315.530029296875,1308.56005859375,1310.9000244140625,0.0,1310.9000244140625
2022-07-27,1305.949951171875,1309.050048828125,1297.5799560546875,1305.949951171875,0.0,1305.949951171875
2022-07-28,1295.1500244140625,1307.0699462890625,1295.06005859375,1295.1500244140625,0.0,1295.1500244140625
2022-07-31,1302.280029296875,1309.1400146484375,1299.1500244140625,1302.280029296875,0.0,1302.280029296875
2022-08-01,1306.75,1312.739990234375,1304.4000244140625,1306.75,0.0,1306.75
2022-08-02,1314.6300048828125,1313.9100341796875,1306.7099609375,1314.6300048828125,0.0,1314.6300048828125
2022-08-03,1307.3800048828125,1312.06005859375,1303.77001953125,1307.3800048828125,0.0,1307.3800048828125
2022-08-04,1302.0799560546875,1304.4599609375,1292.68994140625,1302.0799560546875,0.0,1302.0799560546875
2022-08-07,1302.739990234375,1306.760009765625,1298.3900146484375,1302.739990234375,0.0,1302.739990234375
2022-08-08,1299.030029296875,1307.4100341796875,1298.760009765625,1299.030029296875,0.0,1299.030029296875
2022-08-09,1307.56005859375,1312.8499755859375,1295.8800048828125,1307.56005859375,0.0,1307.56005859375
2022-08-10,1296.699951171875,1304.8900146484375,1295.949951171875,1296.699951171875,0.0,1296.699951171875
2022-08-11,1306.8299560546875,1306.8299560546875,1298.4100341796875,1306.8299560546875,0.0,1306.8299560546875
2022-08-14,1301.3800048828125,1313.4000244140625,1301.3800048828125,1301.3800048828125,0.0,1301.3800048828125
2022-08-15,1313.1800537109375,1312.8599853515625,1307.510009765625,1313.1800537109375,0.0,1313.1800537109375
2022-08-16,1311.0,1317.3199462890625,1307.77001953125,1311.0,0.0,1311.0
2022-08-17,1314.8299560546875,1327.219970703125,1312.2900390625,1314.8299560546875,0.0,1314.8299560546875
2022-08-18,1326.9100341796875,1338.5899658203125,1323.5699462890625,1326.9100341796875,0.0,1326.9100341796875
2022-08-21,1334.8599853515625,1346.1500244140625,1334.0,1334.8599853515625,0.0,1334.8599853515625
2022-08-22,1343.3599853515625,1346.1300048828125,1334.1700439453125,1343.3599853515625,0.0,1343.3599853515625
2022-08-23,1339.0799560546875,1344.25,1337.1800537109375,1339.0799560546875,0.0,1339.0799560546875
2022-08-24,1340.0,1340.949951171875,1332.8699951171875,1340.0,0.0,1340.0
2022-08-25,1334.43994140625,1337.8199462890625,1327.3499755859375,1334.43994140625,0.0,1334.43994140625
2022-08-28,1341.1800537109375,1351.9599609375,1341.1800537109375,1341.1800537109375,0.0,1341.1800537109375
2022-08-29,1345.72998046875,1352.6400146484375,1342.8900146484375,1345.72998046875,0.0,1345.72998046875
2022-08-30,1350.18994140625,1351.699951171875,1337.4000244140625,1350.18994140625,0.0,1350.18994140625
2022-08-31,1342.260009765625,1358.5799560546875,1340.550048828125,1342.260009765625,0.0,1342.260009765625
2022-09-01,1355.0999755859375,1364.780029296875,1351.81005859375,1355.0999755859375,0.0,1355.0999755859375
2022-09-04,1361.510009765625,1374.780029296875,1361.300048828125,1361.510009765625,0.0,1361.510009765625
2022-09-05,1361.81005859375,1381.0899658203125,1363.6400146484375,1361.81005859375,0.0,1361.81005859375
2022-09-06,1378.1099853515625,1390.5400390625,1377.510009765625,1378.1099853515625,0.0,1378.1099853515625
2022-09-07,1374.31005859375,1386.6400146484375,1373.7900390625,1374.31005859375,0.0,1374.31005859375
2022-09-08,1383.0,1385.0,1372.780029296875,1383.0,0.0,1383.0
2022-09-11,1379.06005859375,1383.550048828125,1372.72998046875,1379.06005859375,0.0,1379.06005859375
2022-09-12,1375.81005859375,1392.9300537109375,1370.3499755859375,1375.81005859375,0.0,1375.81005859375
2022-09-13,1393.469970703125,1396.1400146484375,1387.31005859375,1393.469970703125,0.0,1393.469970703125
2022-09-14,1391.1800537109375,1399.489990234375,1390.22998046875,1391.1800537109375,0.0,1391.1800537109375
2022-09-15,1398.6300048828125,1398.800048828125,1381.010009765625,1398.6300048828125,0.0,1398.6300048828125
2022-09-18,1385.22998046875,1395.6700439453125,1383.75,1385.22998046875,0.0,1385.22998046875
2022-09-19,1390.1099853515625,1394.219970703125,1387.0899658203125,1390.1099853515625,0.0,1390.1099853515625
2022-09-20,1392.510009765625,1398.02001953125,1387.6500244140625,1392.510009765625,0.0,1392.510009765625
2022-09-21,1397.56005859375,1414.4000244140625,1396.75,1397.56005859375,0.0,1397.56005859375
2022-09-22,1403.6600341796875,1418.72998046875,1401.6099853515625,1403.6600341796875,0.0,1403.6600341796875
2022-09-25,1421.81005859375,1434.6500244140625,1418.550048828125,1421.81005859375,0.0,1421.81005859375
2022-09-26,1429.77001953125,1430.0999755859375,1418.260009765625,1429.77001953125,0.0,1429.77001953125
2022-09-27,1426.260009765625,1446.4100341796875,1425.4599609375,1426.260009765625,0.0,1426.260009765625
2022-09-28,1421.949951171875,1442.3299560546875,1420.9599609375,1421.949951171875,0.0,1421.949951171875
2022-09-29,1430.1700439453125,1437.4000244140625,1428.300048828125,1430.1700439453125,0.0,1430.1700439453125
2022-10-02,1439.22998046875,1444.719970703125,1431.719970703125,1439.22998046875,0.0,1439.22998046875
2022-10-03,1433.3399658203125,1436.1500244140625,1417.2900390625,1433.3399658203125,0.0,1433.3399658203125
2022-10-04,1416.530029296875,1423.489990234375,1409.2099609375,1416.530029296875,0.0,1416.530029296875
2022-10-05,1416.760009765625,1416.760009765625,1396.4000244140625,1416.760009765625,0.0,1416.760009765625
2022-10-06,1408.449951171875,1419.199951171875,1401.199951171875,1408.449951171875,0.0,1408.449951171875
2022-10-09,1415.97998046875,1430.0699462890625,1415.97998046875,1415.97998046875,0.0,1415.97998046875
2022-10-10,1428.3499755859375,1438.1500244140625,1427.72998046875,1428.3499755859375,0.0,1428.3499755859375
2022-10-11,1430.800048828125,1435.5400390625,1422.489990234375,1430.800048828125,0.0,1430.800048828125
2022-10-12,1423.9000244140625,1445.739990234375,1423.1199951171875,1423.9000244140625,0.0,1423.9000244140625
2022-10-13,1430.300048828125,1439.6600341796875,1424.510009765625,1430.300048828125,0.0,1430.300048828125
2022-10-16,1440.760009765625,1441.02001953125,1429.280029296875,1440.760009765625,0.0,1440.760009765625
2022-10-17,1430.1500244140625,1431.68994140625,1418.5,1430.1500244140625,0.0,1430.1500244140625
2022-10-18,1425.02001953125,1435.5999755859375,1413.06005859375,1425.02001953125,0.0,1425.02001953125
2022-10-19,1435.010009765625,1436.43994140625,1420.93994140625,1435.010009765625,0.0,1435.010009765625
2022-10-20,1430.31005859375,1444.8299560546875,1428.0,1430.31005859375,0.0,1430.31005859375
2022-10-23,1428.1099853515625,1445.699951171875,1427.9000244140625,1428.1099853515625,0.0,1428.1099853515625
2022-10-24,1443.9599609375,1443.9300537109375,1422.9200439453125,1443.9599609375,0.0,1443.9599609375
2022-10-25,1426.9300537109375,1432.2099609375,1409.9300537109375,1426.9300537109375,0.0,1426.9300537109375
2022-10-26,1412.68994140625,1424.510009765625,1412.030029296875,1412.68994140625,0.0,1412.68994140625
2022-10-27,1420.6500244140625,1428.1199951171875,1412.3199462890625,1420.6500244140625,0.0,1420.6500244140625
2022-10-31,1421.6500244140625,1429.0699462890625,1418.4200439453125,1421.6500244140625,0.0,1421.6500244140625
2022-11-01,1424.6700439453125,1428.510009765625,1410.47998046875,1424.6700439453125,0.0,1424.6700439453125
2022-11-02,1416.5999755859375,1420.4000244140625,1412.3599853515625,1416.5999755859375,0.0,1416.5999755859375
2022-11-03,1423.0999755859375,1427.949951171875,1417.0899658203125,1423.0999755859375,0.0,1423.0999755859375
2022-11-04,1423.6500244140625,1428.93994140625,1404.010009765625,1423.6500244140625,0.0,1423.6500244140625
2022-11-07,1402.1099853515625,1412.0699462890625,1389.4100341796875,1402.1099853515625,0.0,1402.1099853515625
2022-11-08,1392.699951171875,1393.800048828125,1369.8900146484375,1392.699951171875,0.0,1392.699951171875
2022-11-09,1374.1500244140625,1380.1500244140625,1351.47998046875,1374.1500244140625,0.0,1374.1500244140625
2022-11-10,1370.550048828125,1383.4599609375,1350.0999755859375,1370.550048828125,0.0,1370.550048828125
2022-11-11,1349.3699951171875,1349.81005859375,1314.1099853515625,1349.3699951171875,0.0,1349.3699951171875
2022-11-14,1313.030029296875,1331.8599853515625,1310.0400390625,1313.030029296875,0.0,1313.030029296875
2022-11-15,1324.0799560546875,1326.72998046875,1306.06005859375,1324.0799560546875,0.0,1324.0799560546875
2022-11-16,1316.260009765625,1333.81005859375,1314.4200439453125,1316.260009765625,0.0,1316.260009765625
2022-11-17,1336.4300537109375,1351.1400146484375,1329.3499755859375,1336.4300537109375,0.0,1336.4300537109375
2022-11-18,1342.75,1343.3599853515625,1334.52001953125,1342.75,0.0,1342.75
2022-11-21,1339.030029296875,1362.0,1344.9000244140625,1339.030029296875,0.0,1339.030029296875
2022-11-22,1359.75,1360.9599609375,1350.449951171875,1359.75,0.0,1359.75
2022-11-23,1352.68994140625,1355.43994140625,1339.530029296875,1352.68994140625,0.0,1352.68994140625
2022-11-24,1336.81005859375,1339.3399658203125,1323.5699462890625,1336.81005859375,0.0,1336.81005859375
2022-11-25,1317.8900146484375,1335.300048828125,1318.7099609375,1317.8900146484375,0.0,1317.8900146484375
2022-11-28,1334.56005859375,1342.1500244140625,1323.4100341796875,1334.56005859375,0.0,1334.56005859375
2022-11-29,1340.1199951171875,1340.8699951171875,1323.1099853515625,1340.1199951171875,0.0,1340.1199951171875
2022-11-30,1325.3699951171875,1329.219970703125,1311.5799560546875,1325.3699951171875,0.0,1325.3699951171875
2022-12-01,1279.800048828125,1308.02001953125,1281.199951171875,1279.800048828125,0.0,1279.800048828125
2022-12-02,1303.25,1307.93994140625,1294.9100341796875,1303.25,0.0,1303.25
2022-12-05,1299.1700439453125,1304.0999755859375,1288.7099609375,1299.1700439453125,0.0,1299.1700439453125
2022-12-06,1304.3699951171875,1322.43994140625,1301.0699462890625,1304.3699951171875,0.0,1304.3699951171875
2022-12-07,1319.7099609375,1325.8199462890625,1308.0899658203125,1319.7099609375,0.0,1319.7099609375
2022-12-08,1314.0999755859375,1322.800048828125,1313.8399658203125,1314.0999755859375,0.0,1314.0999755859375
2022-12-09,1316.6300048828125,1316.6700439453125,1295.300048828125,1316.6300048828125,0.0,1316.6300048828125
2022-12-12,1303.1700439453125,1312.9599609375,1301.699951171875,1303.1700439453125,0.0,1303.1700439453125
2022-12-13,1305.9200439453125,1309.06005859375,1285.6500244140625,1305.9200439453125,0.0,1305.9200439453125
2022-12-14,1288.97998046875,1300.3199462890625,1288.97998046875,1288.97998046875,0.0,1288.97998046875
2022-12-15,1295.6800537109375,1319.5400390625,1295.010009765625,1295.6800537109375,0.0,1295.6800537109375
2022-12-16,1317.0999755859375,1317.699951171875,1303.8800048828125,1317.0999755859375,0.0,1317.0999755859375
2022-12-19,1308.8599853515625,1304.4599609375,1296.5400390625,1308.8599853515625,0.0,1308.8599853515625
2022-12-20,1301.3299560546875,1303.8199462890625,1280.260009765625,1301.3299560546875,0.0,1301.3299560546875
2022-12-21,1283.6400146484375,1289.2900390625,1281.1600341796875,1283.6400146484375,0.0,1283.6400146484375
2022-12-22,1280.77001953125,1287.06005859375,1271.989990234375,1280.77001953125,0.0,1280.77001953125
2022-12-23,1290.199951171875,1291.8299560546875,1277.43994140625,1290.199951171875,0.0,1290.199951171875
2022-12-26,1279.239990234375,1281.5400390625,1272.8699951171875,1279.239990234375,0.0,1279.239990234375
2022-12-27,1275.1300048828125,1275.1300048828125,1255.780029296875,1275.1300048828125,0.0,1275.1300048828125
2022-12-28,1272.280029296875,1273.47998046875,1265.1500244140625,1272.280029296875,0.0,1272.280029296875
2022-12-29,1274.3199462890625,1274.3199462890625,1259.3399658203125,1274.3199462890625,0.0,1274.3199462890625
2022-12-30,1260.260009765625,1264.3499755859375,1250.52001953125,1260.260009765625,0.0,1260.260009765625
2023-01-02,1260.9100341796875,1273.9300537109375,1256.550048828125,1260.9100341796875,0.0,1260.9100341796875
2023-01-03,1270.0999755859375,1278.969970703125,1264.3900146484375,1270.0999755859375,0.0,1270.0999755859375
2023-01-04,1279.0799560546875,1279.719970703125,1267.56005859375,1279.0799560546875,0.0,1279.0799560546875
2023-01-05,1271.0799560546875,1278.22998046875,1265.739990234375,1271.0799560546875,0.0,1271.0799560546875
2023-01-06,1274.1800537109375,1274.1800537109375,1253.010009765625,1274.1800537109375,0.0,1274.1800537109375
2023-01-09,1252.8800048828125,1252.8900146484375,1233.93994140625,1252.8800048828125,0.0,1252.8800048828125
2023-01-10,1239.280029296875,1248.1199951171875,1236.1400146484375,1239.280029296875,0.0,1239.280029296875
2023-01-11,1240.1600341796875,1249.6600341796875,1238.199951171875,1240.1600341796875,0.0,1240.1600341796875
2023-01-12,1241.5999755859375,1246.719970703125,1234.5799560546875,1241.5999755859375,0.0,1241.5999755859375
2023-01-13,1239.1300048828125,1245.760009765625,1233.1400146484375,1239.1300048828125,0.0,1239.1300048828125
2023-01-16,1236.5899658203125,1240.2099609375,1230.9200439453125,1236.5899658203125,0.0,1236.5899658203125
2023-01-17,1240.7099609375,1242.22998046875,1235.3900146484375,1240.7099609375,0.0,1240.7099609375
2023-01-18,1237.0,1246.3299560546875,1224.9200439453125,1237.0,0.0,1237.0
2023-01-19,1237.8800048828125,1241.699951171875,1231.06005859375,1237.8800048828125,0.0,1237.8800048828125
2023-01-20,1232.1800537109375,1237.6300048828125,1229.199951171875,1232.1800537109375,0.0,1232.1800537109375
2023-01-23,1230.030029296875,1232.280029296875,1224.010009765625,1230.030029296875,0.0,1230.030029296875
2023-01-24,1229.280029296875,1237.3299560546875,1228.3900146484375,1229.280029296875,0.0,1229.280029296875
2023-01-25,1232.6600341796875,1237.25,1229.6600341796875,1232.6600341796875,0.0,1232.6600341796875
2023-01-26,1232.5899658203125,1234.969970703125,1228.219970703125,1232.5899658203125,0.0,1232.5899658203125
2023-01-27,1231.8499755859375,1235.8599853515625,1227.1099853515625,1231.8499755859375,0.0,1231.8499755859375
2023-01-30,1228.949951171875,1230.4200439453125,1225.199951171875,1228.949951171875,0.0,1228.949951171875
2023-01-31,1231.5,1238.719970703125,1227.52001953125,1231.5,0.0,1231.5
2023-02-01,1232.1500244140625,1233.4000244140625,1225.8900146484375,1232.1500244140625,0.0,1232.1500244140625
2023-02-02,1221.949951171875,1225.47998046875,1216.0,1221.949951171875,0.0,1221.949951171875
2023-02-03,1224.9000244140625,1245.6199951171875,1223.489990234375,1224.9000244140625,0.0,1224.9000244140625
2023-02-06,1246.75,1262.510009765625,1243.6199951171875,1246.75,0.0,1246.75
2023-02-07,1261.22998046875,1263.989990234375,1252.510009765625,1261.22998046875,0.0,1261.22998046875
2023-02-08,1255.3499755859375,1262.5,1251.5699462890625,1255.3499755859375,0.0,1255.3499755859375
2023-02-09,1260.469970703125,1265.8800048828125,1253.1300048828125,1260.469970703125,0.0,1260.469970703125
2023-02-10,1264.550048828125,1268.9200439453125,1257.9200439453125,1264.550048828125,0.0,1264.550048828125
2023-02-13,1266.8699951171875,1279.0400390625,1266.97998046875,1266.8699951171875,0.0,1266.8699951171875
2023-02-14,1272.93994140625,1274.0400390625,1258.06005859375,1272.93994140625,0.0,1272.93994140625
2023-02-15,1272.25,1288.1400146484375,1271.6199951171875,1272.25,0.0,1272.25
2023-02-16,1283.719970703125,1294.77001953125,1278.6800537109375,1283.719970703125,0.0,1283.719970703125
2023-02-17,1288.9599609375,1303.4599609375,1288.93994140625,1288.9599609375,0.0,1288.9599609375
2023-02-20,1293.9200439453125,1297.6700439453125,1292.18994140625,1293.9200439453125,0.0,1293.9200439453125
2023-02-21,1296.1099853515625,1303.260009765625,1292.8499755859375,1296.1099853515625,0.0,1296.1099853515625
2023-02-22,1305.8299560546875,1307.219970703125,1299.8599853515625,1305.8299560546875,0.0,1305.8299560546875
2023-02-23,1302.8299560546875,1306.010009765625,1292.5899658203125,1302.8299560546875,0.0,1302.8299560546875
2023-02-24,1298.0799560546875,1316.239990234375,1295.4599609375,1298.0799560546875,0.0,1298.0799560546875
2023-02-27,1313.699951171875,1325.2099609375,1312.4100341796875,1313.699951171875,0.0,1313.699951171875
2023-02-28,1318.3499755859375,1326.5699462890625,1314.27001953125,1318.3499755859375,0.0,1318.3499755859375
2023-03-01,1321.5999755859375,1323.77001953125,1298.0699462890625,1321.5999755859375,0.0,1321.5999755859375
2023-03-02,1305.72998046875,1317.0,1304.0799560546875,1305.72998046875,0.0,1305.72998046875
2023-03-03,1311.06005859375,1311.2900390625,1298.199951171875,1311.06005859375,0.0,1311.06005859375
2023-03-06,1294.780029296875,1301.1600341796875,1293.5899658203125,1294.780029296875,0.0,1294.780029296875
2023-03-07,1299.0,1315.81005859375,1296.6600341796875,1299.0,0.0,1299.0
2023-03-08,1317.9000244140625,1323.7900390625,1312.219970703125,1317.9000244140625,0.0,1317.9000244140625
2023-03-09,1316.449951171875,1323.5999755859375,1314.68994140625,1316.449951171875,0.0,1316.449951171875
2023-03-10,1325.550048828125,1329.1099853515625,1308.9300537109375,1325.550048828125,0.0,1325.550048828125
2023-03-13,1319.5400390625,1317.5799560546875,1297.469970703125,1319.5400390625,0.0,1319.5400390625
2023-03-14,1296.3800048828125,1314.469970703125,1295.25,1296.3800048828125,0.0,1296.3800048828125
2023-03-15,1304.5799560546875,1322.02001953125,1295.510009765625,1304.5799560546875,0.0,1304.5799560546875
2023-03-16,1311.739990234375,1315.97998046875,1303.0,1311.739990234375,0.0,1311.739990234375
2023-03-17,1301.6199951171875,1309.010009765625,1298.3499755859375,1301.6199951171875,0.0,1301.6199951171875
2023-03-20,1307.6500244140625,1313.3599853515625,1299.6500244140625,1307.6500244140625,0.0,1307.6500244140625
2023-03-21,1304.93994140625,1310.8800048828125,1302.0,1304.93994140625,0.0,1304.93994140625
2023-03-22,1303.43994140625,1309.800048828125,1302.02001953125,1303.43994140625,0.0,1303.43994140625
2023-03-23,1298.25,1299.1800537109375,1276.1300048828125,1298.25,0.0,1298.25
2023-03-24,1286.2900390625,1307.050048828125,1283.47998046875,1286.2900390625,0.0,1286.2900390625
2023-03-26,1294.8299560546875,1303.3399658203125,1294.8199462890625,1294.8299560546875,0.0,1294.8299560546875
2023-03-27,1297.800048828125,1300.550048828125,1292.239990234375,1297.800048828125,0.0,1297.800048828125
2023-03-28,1296.97998046875,1303.9300537109375,1295.1500244140625,1296.97998046875,0.0,1296.97998046875
2023-03-29,1307.1300048828125,1307.5899658203125,1295.8399658203125,1307.1300048828125,0.0,1307.1300048828125
2023-03-30,1296.5,1306.52001953125,1288.27001953125,1296.5,0.0,1296.5
2023-04-02,1305.47998046875,1320.550048828125,1305.47998046875,1305.47998046875,0.0,1305.47998046875
2023-04-03,1308.050048828125,1316.8299560546875,1304.949951171875,1308.050048828125,0.0,1308.050048828125
2023-04-04,1312.4100341796875,1315.8399658203125,1307.93994140625,1312.4100341796875,0.0,1312.4100341796875
2023-04-05,1316.2099609375,1321.800048828125,1315.75,1316.2099609375,0.0,1316.2099609375
2023-04-06,1317.93994140625,1319.93994140625,1313.25,1317.93994140625,0.0,1317.93994140625
2023-04-09,1315.449951171875,1323.1300048828125,1315.449951171875,1315.449951171875,0.0,1315.449951171875
2023-04-10,1320.8800048828125,1323.56005859375,1315.6500244140625,1320.8800048828125,0.0,1320.8800048828125
2023-04-11,1322.0899658203125,1327.9599609375,1318.1300048828125,1322.0899658203125,0.0,1322.0899658203125
2023-04-12,1322.8299560546875,1326.8699951171875,1300.2900390625,1322.8299560546875,0.0,1322.8299560546875
2023-04-13,1301.4300537109375,1306.9000244140625,1294.050048828125,1301.4300537109375,0.0,1301.4300537109375
2023-04-16,1303.3800048828125,1321.9100341796875,1303.3800048828125,1303.3800048828125,0.0,1303.3800048828125
2023-04-17,1316.0699462890625,1320.8499755859375,1314.18994140625,1316.0699462890625,0.0,1316.0699462890625
2023-04-18,1315.9000244140625,1335.510009765625,1313.72998046875,1315.9000244140625,0.0,1315.9000244140625
2023-04-19,1326.760009765625,1332.1600341796875,1318.75,1326.760009765625,0.0,1326.760009765625
2023-04-20,1323.5999755859375,1332.1700439453125,1322.780029296875,1323.5999755859375,0.0,1323.5999755859375
2023-04-23,1329.3800048828125,1336.9100341796875,1328.0999755859375,1329.3800048828125,0.0,1329.3800048828125
2023-04-24,1332.800048828125,1342.77001953125,1328.6099853515625,1332.800048828125,0.0,1332.800048828125
2023-04-25,1341.0,1340.719970703125,1333.8599853515625,1341.0,0.0,1341.0
2023-04-26,1337.8299560546875,1346.02001953125,1336.699951171875,1337.8299560546875,0.0,1337.8299560546875
2023-04-27,1339.3900146484375,1341.3399658203125,1335.699951171875,1339.3900146484375,0.0,1339.3900146484375
2023-04-30,1337.1700439453125,1341.18994140625,1336.22998046875,1337.1700439453125,0.0,1337.1700439453125
2023-05-01,1342.7900390625,1343.1600341796875,1337.1099853515625,1342.7900390625,0.0,1342.7900390625
2023-05-02,1342.300048828125,1341.739990234375,1330.5999755859375,1342.300048828125,0.0,1342.300048828125
2023-05-03,1335.22998046875,1335.199951171875,1319.8199462890625,1335.22998046875,0.0,1335.22998046875
2023-05-04,1320.1500244140625,1324.18994140625,1314.72998046875,1320.1500244140625,0.0,1320.1500244140625
2023-05-07,1316.9599609375,1325.3199462890625,1317.719970703125,1316.9599609375,0.0,1316.9599609375
2023-05-08,1322.4100341796875,1326.5699462890625,1318.719970703125,1322.4100341796875,0.0,1322.4100341796875
2023-05-09,1326.050048828125,1326.050048828125,1315.8299560546875,1326.050048828125,0.0,1326.050048828125
2023-05-10,1318.050048828125,1333.72998046875,1315.780029296875,1318.050048828125,0.0,1318.050048828125
2023-05-11,1329.8800048828125,1341.4599609375,1329.800048828125,1329.8800048828125,0.0,1329.8800048828125
2023-05-14,1341.52001953125,1341.77001953125,1333.5999755859375,1341.52001953125,0.0,1341.52001953125
2023-05-15,1335.4000244140625,1341.4599609375,1331.489990234375,1335.4000244140625,0.0,1335.4000244140625
2023-05-16,1342.4300537109375,1342.4300537109375,1334.02001953125,1342.4300537109375,0.0,1342.4300537109375
2023-05-17,1334.1500244140625,1337.6099853515625,1329.4000244140625,1334.1500244140625,0.0,1334.1500244140625
2023-05-18,1334.739990234375,1335.4300537109375,1321.989990234375,1334.739990234375,0.0,1334.739990234375
2023-05-21,1324.2099609375,1324.219970703125,1312.4300537109375,1324.2099609375,0.0,1324.2099609375
2023-05-22,1313.8299560546875,1321.72998046875,1308.260009765625,1313.8299560546875,0.0,1313.8299560546875
2023-05-23,1319.8399658203125,1320.300048828125,1314.0899658203125,1319.8399658203125,0.0,1319.8399658203125
2023-05-24,1318.52001953125,1330.1099853515625,1317.3499755859375,1318.52001953125,0.0,1318.52001953125
2023-05-25,1330.8900146484375,1330.0400390625,1322.4000244140625,1330.8900146484375,0.0,1330.8900146484375
2023-05-28,1322.4300537109375,1326.6400146484375,1320.0799560546875,1322.4300537109375,0.0,1322.4300537109375
2023-05-29,1324.5899658203125,1326.5799560546875,1316.239990234375,1324.5899658203125,0.0,1324.5899658203125
2023-05-30,1319.7900390625,1327.800048828125,1315.18994140625,1319.7900390625,0.0,1319.7900390625
2023-05-31,1321.739990234375,1324.4000244140625,1315.1700439453125,1321.739990234375,0.0,1321.739990234375
2023-06-01,1312.8499755859375,1313.6800537109375,1298.199951171875,1312.8499755859375,0.0,1312.8499755859375
2023-06-04,1305.1400146484375,1310.510009765625,1299.219970703125,1305.1400146484375,0.0,1305.1400146484375
2023-06-05,1299.7900390625,1303.3299560546875,1294.8199462890625,1299.7900390625,0.0,1299.7900390625
2023-06-06,1299.199951171875,1305.800048828125,1296.27001953125,1299.199951171875,0.0,1299.199951171875
2023-06-07,1308.3399658203125,1308.3800048828125,1295.6199951171875,1308.3399658203125,0.0,1308.3399658203125
2023-06-08,1296.3299560546875,1297.2099609375,1286.22998046875,1296.3299560546875,0.0,1296.3299560546875
2023-06-11,1286.68994140625,1294.0400390625,1282.1700439453125,1286.68994140625,0.0,1286.68994140625
2023-06-12,1284.5799560546875,1285.02001953125,1266.1700439453125,1284.5799560546875,0.0,1284.5799560546875
2023-06-13,1267.6199951171875,1280.02001953125,1267.6199951171875,1267.6199951171875,0.0,1267.6199951171875
2023-06-14,1273.989990234375,1286.0799560546875,1271.9300537109375,1273.989990234375,0.0,1273.989990234375
2023-06-15,1270.050048828125,1280.1400146484375,1268.969970703125,1270.050048828125,0.0,1270.050048828125
2023-06-18,1276.31005859375,1283.9200439453125,1276.3499755859375,1276.31005859375,0.0,1276.31005859375
2023-06-19,1283.239990234375,1289.3800048828125,1277.760009765625,1283.239990234375,0.0,1283.239990234375
2023-06-20,1287.5400390625,1295.6300048828125,1286.199951171875,1287.5400390625,0.0,1287.5400390625
2023-06-21,1288.3800048828125,1301.1700439453125,1287.719970703125,1288.3800048828125,0.0,1288.3800048828125
2023-06-22,1298.2099609375,1310.239990234375,1297.6800537109375,1298.2099609375,0.0,1298.2099609375
2023-06-25,1307.6700439453125,1308.8900146484375,1300.260009765625,1307.6700439453125,0.0,1307.6700439453125
2023-06-26,1302.6600341796875,1307.27001953125,1294.260009765625,1302.6600341796875,0.0,1302.6600341796875
2023-06-27,1296.5999755859375,1312.97998046875,1296.6099853515625,1296.5999755859375,0.0,1296.5999755859375
2023-06-28,1309.010009765625,1321.8399658203125,1305.3599853515625,1309.010009765625,0.0,1309.010009765625
2023-06-29,1323.0699462890625,1323.760009765625,1314.3499755859375,1323.0699462890625,0.0,1323.0699462890625
2023-07-02,1315.300048828125,1316.0799560546875,1301.949951171875,1315.300048828125,0.0,1315.300048828125
2023-07-03,1306.0999755859375,1306.7099609375,1292.4200439453125,1306.0999755859375,0.0,1306.0999755859375
2023-07-04,1295.5,1305.77001953125,1295.6099853515625,1295.5,0.0,1295.5
2023-07-05,1302.969970703125,1313.800048828125,1299.56005859375,1302.969970703125,0.0,1302.969970703125
2023-07-06,1309.219970703125,1310.1500244140625,1295.8199462890625,1309.219970703125,0.0,1309.219970703125
2023-07-09,1297.3699951171875,1307.199951171875,1297.6700439453125,1297.3699951171875,0.0,1297.3699951171875
2023-07-10,1299.5400390625,1300.3800048828125,1289.6300048828125,1299.5400390625,0.0,1299.5400390625
2023-07-11,1291.510009765625,1295.780029296875,1274.3299560546875,1291.510009765625,0.0,1291.510009765625
2023-07-12,1274.699951171875,1279.43994140625,1264.6600341796875,1274.699951171875,0.0,1274.699951171875
2023-07-13,1266.8299560546875,1270.489990234375,1259.8900146484375,1266.8299560546875,0.0,1266.8299560546875
2023-07-16,1268.3399658203125,1269.9200439453125,1263.3800048828125,1268.3399658203125,0.0,1268.3399658203125
2023-07-17,1265.449951171875,1266.030029296875,1257.0899658203125,1265.449951171875,0.0,1265.449951171875
2023-07-18,1264.93994140625,1269.0799560546875,1261.1700439453125,1264.93994140625,0.0,1264.93994140625
2023-07-19,1265.0899658203125,1278.9200439453125,1261.280029296875,1265.0899658203125,0.0,1265.0899658203125
2023-07-20,1278.4000244140625,1290.0,1276.1400146484375,1278.4000244140625,0.0,1278.4000244140625
2023-07-23,1285.6500244140625,1288.6700439453125,1277.18994140625,1285.6500244140625,0.0,1285.6500244140625
2023-07-24,1280.530029296875,1284.8299560546875,1273.1199951171875,1280.530029296875,0.0,1280.530029296875
2023-07-25,1274.1199951171875,1282.2099609375,1270.1800537109375,1274.1199951171875,0.0,1274.1199951171875
2023-07-26,1275.1700439453125,1282.5699462890625,1266.9200439453125,1275.1700439453125,0.0,1275.1700439453125
2023-07-27,1283.8800048828125,1284.02001953125,1273.1600341796875,1283.8800048828125,0.0,1283.8800048828125
2023-07-30,1272.3900146484375,1279.030029296875,1270.1300048828125,1272.3900146484375,0.0,1272.3900146484375
2023-07-31,1277.9300537109375,1290.280029296875,1274.5,1277.9300537109375,0.0,1277.9300537109375
2023-08-01,1289.050048828125,1302.0799560546875,1286.9599609375,1289.050048828125,0.0,1289.050048828125
2023-08-02,1295.3699951171875,1303.6199951171875,1294.699951171875,1295.3699951171875,0.0,1295.3699951171875
2023-08-03,1296.4000244140625,1311.3499755859375,1296.3800048828125,1296.4000244140625,0.0,1296.4000244140625
2023-08-06,1303.050048828125,1308.31005859375,1298.6500244140625,1303.050048828125,0.0,1303.050048828125
2023-08-07,1307.75,1321.75,1305.0999755859375,1307.75,0.0,1307.75
2023-08-08,1316.6700439453125,1321.780029296875,1309.5400390625,1316.6700439453125,0.0,1316.6700439453125
2023-08-09,1313.6400146484375,1319.5,1305.5999755859375,1313.6400146484375,0.0,1313.6400146484375
2023-08-10,1318.3299560546875,1331.260009765625,1316.4300537109375,1318.3299560546875,0.0,1318.3299560546875
2023-08-13,1329.6099853515625,1339.2099609375,1327.8299560546875,1329.6099853515625,0.0,1329.6099853515625
2023-08-14,1334.739990234375,1339.510009765625,1332.0400390625,1334.739990234375,0.0,1334.739990234375
2023-08-15,1338.739990234375,1340.5799560546875,1333.02001953125,1338.739990234375,0.0,1338.739990234375
2023-08-16,1343.3299560546875,1343.3299560546875,1334.280029296875,1343.3299560546875,0.0,1343.3299560546875
2023-08-17,1339.0799560546875,1344.1099853515625,1332.1099853515625,1339.0799560546875,0.0,1339.0799560546875
2023-08-20,1339.1700439453125,1343.18994140625,1337.6400146484375,1339.1700439453125,0.0,1339.1700439453125
2023-08-21,1339.739990234375,1340.989990234375,1333.550048828125,1339.739990234375,0.0,1339.739990234375
2023-08-22,1339.68994140625,1340.5400390625,1329.9000244140625,1339.68994140625,0.0,1339.68994140625
2023-08-23,1327.780029296875,1328.739990234375,1317.6700439453125,1327.780029296875,0.0,1327.780029296875
2023-08-24,1326.6199951171875,1328.949951171875,1319.780029296875,1326.6199951171875,0.0,1326.6199951171875
2023-08-27,1323.6099853515625,1326.8399658203125,1319.1500244140625,1323.6099853515625,0.0,1323.6099853515625
2023-08-28,1322.8199462890625,1328.6800537109375,1318.280029296875,1322.8199462890625,0.0,1322.8199462890625
2023-08-29,1321.0699462890625,1325.699951171875,1318.18994140625,1321.0699462890625,0.0,1321.0699462890625
2023-08-30,1323.030029296875,1326.3399658203125,1319.9300537109375,1323.030029296875,0.0,1323.030029296875
2023-08-31,1324.6400146484375,1324.6400146484375,1311.300048828125,1324.6400146484375,0.0,1324.6400146484375
2023-09-03,1317.4599609375,1321.8900146484375,1315.1199951171875,1317.4599609375,0.0,1317.4599609375
2023-09-04,1317.949951171875,1335.02001953125,1318.550048828125,1317.949951171875,0.0,1317.949951171875
2023-09-05,1331.72998046875,1337.56005859375,1328.18994140625,1331.72998046875,0.0,1331.72998046875
2023-09-06,1333.4599609375,1338.300048828125,1330.25,1333.4599609375,0.0,1333.4599609375
2023-09-07,1334.02001953125,1335.530029296875,1331.260009765625,1334.02001953125,0.0,1334.02001953125
2023-09-10,1335.3199462890625,1335.3199462890625,1326.030029296875,1335.3199462890625,0.0,1335.3199462890625
2023-09-11,1320.43994140625,1328.780029296875,1322.800048828125,1320.43994140625,0.0,1320.43994140625
2023-09-12,1324.0999755859375,1330.02001953125,1322.4200439453125,1324.0999755859375,0.0,1324.0999755859375
2023-09-13,1329.77001953125,1330.3399658203125,1322.4300537109375,1329.77001953125,0.0,1329.77001953125
2023-09-14,1327.06005859375,1330.300048828125,1323.7099609375,1327.06005859375,0.0,1327.06005859375
2023-09-17,1328.4200439453125,1328.4200439453125,1322.3800048828125,1328.4200439453125,0.0,1328.4200439453125
2023-09-18,1329.6600341796875,1328.6800537109375,1317.77001953125,1329.6600341796875,0.0,1329.6600341796875
2023-09-19,1328.530029296875,1330.9200439453125,1323.219970703125,1328.530029296875,0.0,1328.530029296875
2023-09-20,1332.3399658203125,1344.18994140625,1333.199951171875,1332.3399658203125,0.0,1332.3399658203125
2023-09-21,1341.1700439453125,1341.1500244140625,1330.0999755859375,1341.1700439453125,0.0,1341.1700439453125
2023-09-24,1334.6600341796875,1341.010009765625,1330.5,1334.6600341796875,0.0,1334.6600341796875
2023-09-25,1338.449951171875,1355.0,1337.4300537109375,1338.449951171875,0.0,1338.449951171875
2023-09-26,1353.75,1357.2900390625,1347.25,1353.75,0.0,1353.75
2023-09-27,1352.8199462890625,1356.6800537109375,1347.1800537109375,1352.8199462890625,0.0,1352.8199462890625
2023-09-28,1347.8499755859375,1350.6300048828125,1340.8399658203125,1347.8499755859375,0.0,1347.8499755859375
2023-10-01,1351.93994140625,1358.699951171875,1343.4200439453125,1351.93994140625,0.0,1351.93994140625
2023-10-02,1354.18994140625,1364.7099609375,1349.93994140625,1354.18994140625,0.0,1354.18994140625
2023-10-03,1359.219970703125,1363.6700439453125,1349.4300537109375,1359.219970703125,0.0,1359.219970703125
2023-10-04,1351.1600341796875,1353.3499755859375,1345.1500244140625,1351.1600341796875,0.0,1351.1600341796875
2023-10-05,1346.06005859375,1356.81005859375,1338.989990234375,1346.06005859375,0.0,1346.06005859375
2023-10-08,1343.3599853515625,1354.43994140625,1343.3599853515625,1343.3599853515625,0.0,1343.3599853515625
2023-10-09,1346.8900146484375,1351.68994140625,1341.93994140625,1346.8900146484375,0.0,1346.8900146484375
2023-10-10,1341.8900146484375,1342.300048828125,1336.5400390625,1341.8900146484375,0.0,1341.8900146484375
2023-10-11,1338.260009765625,1347.6500244140625,1333.06005859375,1338.260009765625,0.0,1338.260009765625
2023-10-12,1348.3399658203125,1353.18994140625,1345.81005859375,1348.3399658203125,0.0,1348.3399658203125
2023-10-15,1352.0699462890625,1356.219970703125,1348.8199462890625,1352.0699462890625,0.0,1352.0699462890625
2023-10-16,1347.760009765625,1357.3800048828125,1347.1600341796875,1347.760009765625,0.0,1347.760009765625
2023-10-17,1352.989990234375,1357.8199462890625,1346.8900146484375,1352.989990234375,0.0,1352.989990234375
2023-10-18,1354.56005859375,1360.1099853515625,1354.3599853515625,1354.56005859375,0.0,1354.56005859375
2023-10-19,1356.22998046875,1359.1099853515625,1348.449951171875,1356.22998046875,0.0,1356.22998046875
2023-10-22,1349.3399658203125,1354.8599853515625,1343.8699951171875,1349.3399658203125,0.0,1349.3399658203125
2023-10-23,1334.43994140625,1347.1300048828125,1339.6600341796875,1334.43994140625,0.0,1334.43994140625
2023-10-24,1343.6400146484375,1352.4300537109375,1343.1300048828125,1343.6400146484375,0.0,1343.6400146484375
2023-10-25,1352.6800537109375,1360.1500244140625,1352.199951171875,1352.6800537109375,0.0,1352.6800537109375
2023-10-26,1350.3399658203125,1357.449951171875,1348.0400390625,1350.3399658203125,0.0,1350.3399658203125
2023-10-30,1355.219970703125,1355.239990234375,1345.9100341796875,1355.219970703125,0.0,1355.219970703125
2023-10-31,1348.0699462890625,1355.260009765625,1345.52001953125,1348.0699462890625,0.0,1348.0699462890625
2023-11-01,1350.1600341796875,1359.1500244140625,1347.72998046875,1350.1600341796875,0.0,1350.1600341796875
2023-11-02,1347.8399658203125,1346.469970703125,1328.1199951171875,1347.8399658203125,0.0,1347.8399658203125
2023-11-03,1333.6800537109375,1335.9200439453125,1303.56005859375,1333.6800537109375,0.0,1333.6800537109375
2023-11-06,1307.8399658203125,1311.6500244140625,1290.9599609375,1307.8399658203125,0.0,1307.8399658203125
2023-11-07,1297.1099853515625,1312.43994140625,1297.5799560546875,1297.1099853515625,0.0,1297.1099853515625
2023-11-08,1304.550048828125,1314.18994140625,1298.68994140625,1304.550048828125,0.0,1304.550048828125
2023-11-09,1308.1199951171875,1313.8900146484375,1302.8199462890625,1308.1199951171875,0.0,1308.1199951171875
2023-11-10,1315.199951171875,1321.219970703125,1312.68994140625,1315.199951171875,0.0,1315.199951171875
2023-11-13,1319.6199951171875,1325.780029296875,1318.8499755859375,1319.6199951171875,0.0,1319.6199951171875
2023-11-14,1319.0699462890625,1329.8599853515625,1302.6199951171875,1319.0699462890625,0.0,1319.0699462890625
2023-11-15,1304.239990234375,1307.9599609375,1292.9200439453125,1304.239990234375,0.0,1304.239990234375
2023-11-16,1301.8599853515625,1309.47998046875,1286.8900146484375,1301.8599853515625,0.0,1301.8599853515625
2023-11-17,1292.449951171875,1300.2900390625,1288.6099853515625,1292.449951171875,0.0,1292.449951171875
2023-11-20,1294.5,1298.3499755859375,1285.5400390625,1294.5,0.0,1294.5
2023-11-21,1288.1500244140625,1293.31005859375,1283.75,1288.1500244140625,0.0,1288.1500244140625
2023-11-22,1295.18994140625,1305.280029296875,1291.4200439453125,1295.18994140625,0.0,1295.18994140625
2023-11-23,1298.7900390625,1302.199951171875,1295.3699951171875,1298.7900390625,0.0,1298.7900390625
2023-11-24,1300.1800537109375,1308.1300048828125,1296.800048828125,1300.1800537109375,0.0,1300.1800537109375
2023-11-27,1289.7900390625,1308.0799560546875,1297.4100341796875,1289.7900390625,0.0,1289.7900390625
2023-11-28,1302.530029296875,1297.9300537109375,1285.0899658203125,1302.530029296875,0.0,1302.530029296875
2023-11-29,1287.530029296875,1293.6500244140625,1285.3900146484375,1287.530029296875,0.0,1287.530029296875
2023-11-30,1288.3599853515625,1318.280029296875,1285.9300537109375,1288.3599853515625,0.0,1288.3599853515625
2023-12-01,1296.6600341796875,1307.8199462890625,1294.75,1296.6600341796875,0.0,1296.6600341796875
2023-12-04,1299.18994140625,1311.0,1293.010009765625,1299.18994140625,0.0,1299.18994140625
2023-12-05,1307.800048828125,1317.739990234375,1307.760009765625,1307.800048828125,0.0,1307.800048828125
2023-12-06,1313.3699951171875,1315.469970703125,1309.5699462890625,1313.3699951171875,0.0,1313.3699951171875
2023-12-07,1313.719970703125,1327.050048828125,1311.93994140625,1313.719970703125,0.0,1313.719970703125
2023-12-08,1312.760009765625,1318.5799560546875,1290.4599609375,1312.760009765625,0.0,1312.760009765625
2023-12-11,1316.510009765625,1320.6199951171875,1315.4000244140625,1316.510009765625,0.0,1316.510009765625
2023-12-12,1313.6199951171875,1318.6700439453125,1299.4599609375,1313.6199951171875,0.0,1313.6199951171875
2023-12-13,1310.1400146484375,1320.77001953125,1308.5799560546875,1310.1400146484375,0.0,1310.1400146484375
2023-12-14,1292.010009765625,1298.530029296875,1287.8900146484375,1292.010009765625,0.0,1292.010009765625
2023-12-15,1291.9200439453125,1304.219970703125,1287.31005859375,1291.9200439453125,0.0,1291.9200439453125
2023-12-18,1276.469970703125,1304.1199951171875,1295.4599609375,1276.469970703125,0.0,1276.469970703125
2023-12-19,1302.9300537109375,1310.030029296875,1296.5999755859375,1302.9300537109375,0.0,1302.9300537109375
2023-12-20,1297.760009765625,1302.8499755859375,1296.739990234375,1297.760009765625,0.0,1297.760009765625
2023-12-21,1296.97998046875,1307.27001953125,1294.8399658203125,1296.97998046875,0.0,1296.97998046875
2023-12-22,1291.7099609375,1303.25,1294.0799560546875,1291.7099609375,0.0,1291.7099609375
2023-12-25,1297.3599853515625,1298.3599853515625,1295.030029296875,1297.3599853515625,0.0,1297.3599853515625
2023-12-26,1294.5799560546875,1299.300048828125,1284.760009765625,1294.5799560546875,0.0,1294.5799560546875
2023-12-27,1293.9200439453125,1295.760009765625,1290.0,1293.9200439453125,0.0,1293.9200439453125
2023-12-28,1294.760009765625,1294.0400390625,1281.3499755859375,1294.760009765625,0.0,1294.760009765625
2023-12-29,1277.8399658203125,1301.9200439453125,1259.52001953125,1277.8399658203125,0.0,1277.8399658203125
2024-01-01,1293.530029296875,1293.5400390625,1293.530029296875,1293.530029296875,0.0,1293.530029296875
2024-01-02,1292.8900146484375,1313.489990234375,1291.1700439453125,1293.5400390625,0.0,1293.5400390625
2024-01-03,1307.6199951171875,1312.8299560546875,1304.280029296875,1307.6199951171875,0.0,1307.6199951171875
2024-01-04,1309.530029296875,1314.7099609375,1305.0799560546875,1309.530029296875,0.0,1309.530029296875
2024-01-05,1311.25,1321.8299560546875,1306.0400390625,1311.25,0.0,1311.25
2024-01-08,1313.1300048828125,1321.0999755859375,1311.52001953125,1313.1300048828125,0.0,1313.1300048828125
2024-01-09,1311.800048828125,1320.8199462890625,1308.8399658203125,1311.800048828125,0.0,1311.800048828125
2024-01-10,1319.7900390625,1323.219970703125,1316.010009765625,1319.7900390625,0.0,1319.7900390625
2024-01-11,1317.5,1320.219970703125,1308.199951171875,1317.5,0.0,1317.5
2024-01-12,1311.989990234375,1317.1500244140625,1301.2900390625,1311.989990234375,0.0,1311.989990234375
2024-01-15,1312.8499755859375,1321.8900146484375,1312.530029296875,1312.8499755859375,0.0,1312.8499755859375
2024-01-16,1319.7099609375,1339.6700439453125,1319.1500244140625,1319.7099609375,0.0,1319.7099609375
2024-01-17,1337.7900390625,1350.030029296875,1336.4000244140625,1337.7900390625,0.0,1337.7900390625
2024-01-18,1344.050048828125,1346.050048828125,1334.989990234375,1344.050048828125,0.0,1344.050048828125
2024-01-19,1337.6600341796875,1339.1500244140625,1331.5799560546875,1337.6600341796875,0.0,1337.6600341796875
2024-01-22,1333.2099609375,1340.9200439453125,1330.3399658203125,1333.2099609375,0.0,1333.2099609375
2024-01-23,1338.739990234375,1340.3199462890625,1331.06005859375,1338.739990234375,0.0,1338.739990234375
2024-01-24,1336.780029296875,1340.8299560546875,1324.2099609375,1336.780029296875,0.0,1336.780029296875
2024-01-25,1329.8900146484375,1339.6700439453125,1330.2900390625,1329.8900146484375,0.0,1329.8900146484375
2024-01-26,1336.030029296875,1339.06005859375,1331.4599609375,1336.030029296875,0.0,1336.030029296875
2024-01-29,1336.760009765625,1337.3499755859375,1332.8800048828125,1336.760009765625,0.0,1336.760009765625
2024-01-30,1333.2099609375,1334.0,1326.4300537109375,1333.2099609375,0.0,1333.2099609375
2024-01-31,1326.6199951171875,1335.8900146484375,1325.52001953125,1326.6199951171875,0.0,1326.6199951171875
2024-02-01,1333.9100341796875,1335.47998046875,1327.06005859375,1333.9100341796875,0.0,1333.9100341796875
2024-02-02,1328.949951171875,1338.3499755859375,1312.27001953125,1328.949951171875,0.0,1328.949951171875
2024-02-05,1337.72998046875,1338.5699462890625,1330.02001953125,1337.72998046875,0.0,1337.72998046875
2024-02-06,1333.3900146484375,1333.3199462890625,1324.8499755859375,1333.3900146484375,0.0,1333.3900146484375
2024-02-07,1326.7900390625,1329.489990234375,1321.8800048828125,1326.7900390625,0.0,1326.7900390625
2024-02-08,1327.6199951171875,1332.47998046875,1324.1500244140625,1327.6199951171875,0.0,1327.6199951171875
2024-02-09,1331.469970703125,1333.449951171875,1291.8399658203125,1331.469970703125,0.0,1331.469970703125
2024-02-12,1330.06005859375,1332.25,1327.1099853515625,1330.06005859375,0.0,1330.06005859375
2024-02-13,1328.5,1340.5899658203125,1316.6099853515625,1328.5,0.0,1328.5
2024-02-14,1340.7900390625,1340.260009765625,1329.6199951171875,1340.7900390625,0.0,1340.7900390625
2024-02-15,1326.0,1334.699951171875,1325.8599853515625,1326.0,0.0,1326.0
2024-02-16,1327.6600341796875,1336.56005859375,1318.969970703125,1327.6600341796875,0.0,1327.6600341796875
2024-02-19,1331.5799560546875,1335.93994140625,1330.3499755859375,1331.5799560546875,0.0,1331.5799560546875
2024-02-20,1333.3399658203125,1338.8599853515625,1331.0999755859375,1333.3399658203125,0.0,1333.3399658203125
2024-02-21,1333.75,1337.3299560546875,1332.0400390625,1333.75,0.0,1333.75
2024-02-22,1332.8699951171875,1333.5999755859375,1323.4599609375,1332.8699951171875,0.0,1332.8699951171875
2024-02-23,1327.1700439453125,1333.77001953125,1326.489990234375,1327.1700439453125,0.0,1327.1700439453125
2024-02-26,1330.0,1332.5799560546875,1327.7099609375,1330.0,0.0,1330.0
2024-02-27,1331.719970703125,1332.5999755859375,1329.050048828125,1331.719970703125,0.0,1331.719970703125
2024-02-28,1331.7900390625,1337.22998046875,1330.1199951171875,1331.7900390625,0.0,1331.7900390625
2024-02-29,1333.3800048828125,1336.8599853515625,1328.6600341796875,1333.3800048828125,0.0,1333.3800048828125
2024-03-01,1335.199951171875,1336.43994140625,1326.4300537109375,1335.199951171875,0.0,1335.199951171875
2024-03-04,1330.9000244140625,1332.780029296875,1328.1500244140625,1330.9000244140625,0.0,1330.9000244140625
2024-03-05,1328.93994140625,1336.8599853515625,1328.8699951171875,1328.93994140625,0.0,1328.93994140625
2024-03-06,1333.4300537109375,1337.3299560546875,1328.22998046875,1333.4300537109375,0.0,1333.4300537109375
2024-03-07,1327.0899658203125,1331.8499755859375,1320.22998046875,1327.0899658203125,0.0,1327.0899658203125
2024-03-08,1321.1800537109375,1326.52001953125,1300.6800537109375,1321.1800537109375,0.0,1321.1800537109375
2024-03-11,1315.97998046875,1316.9000244140625,1305.469970703125,1315.97998046875,0.0,1315.97998046875
2024-03-12,1310.5400390625,1313.7099609375,1216.9599609375,1310.5400390625,0.0,1310.5400390625
2024-03-13,1311.1500244140625,1319.18994140625,1308.3299560546875,1311.1500244140625,0.0,1311.1500244140625
2024-03-14,1313.6500244140625,1324.3699951171875,1306.010009765625,1313.6500244140625,0.0,1313.6500244140625
2024-03-15,1321.9200439453125,1333.0,1321.5799560546875,1321.9200439453125,0.0,1321.9200439453125
2024-03-18,1329.3399658203125,1335.25,1329.6600341796875,1329.3399658203125,0.0,1329.3399658203125
2024-03-19,1336.0899658203125,1340.6500244140625,1335.6700439453125,1336.0899658203125,0.0,1336.0899658203125
2024-03-20,1337.02001953125,1341.47998046875,1336.0400390625,1337.02001953125,0.0,1337.02001953125
2024-03-21,1330.1099853515625,1334.6400146484375,1321.530029296875,1330.1099853515625,0.0,1330.1099853515625
2024-03-22,1334.6800537109375,1346.75,1328.97998046875,1334.6800537109375,0.0,1334.6800537109375
2024-03-25,1343.5999755859375,1343.6099853515625,1332.4100341796875,1343.5999755859375,0.0,1343.5999755859375
2024-03-26,1339.1300048828125,1344.2099609375,1333.800048828125,1339.1300048828125,0.0,1339.1300048828125
2024-03-27,1343.06005859375,1353.0400390625,1341.3299560546875,1343.06005859375,0.0,1343.06005859375
2024-03-28,1349.800048828125,1352.760009765625,1342.0,1349.800048828125,0.0,1349.800048828125
2024-03-29,1349.800048828125,1349.800048828125,1340.699951171875,1349.800048828125,0.0,1349.800048828125
2024-03-31,1345.31005859375,1356.010009765625,1342.8800048828125,1345.31005859375,0.0,1345.31005859375
2024-04-01,1355.530029296875,1355.9200439453125,1347.530029296875,1355.530029296875,0.0,1355.530029296875
2024-04-02,1350.72998046875,1352.8900146484375,1346.3199462890625,1350.72998046875,0.0,1350.72998046875
2024-04-03,1344.8399658203125,1348.3900146484375,1343.31005859375,1344.8399658203125,0.0,1344.8399658203125
2024-04-04,1351.3599853515625,1355.18994140625,1343.0,1351.3599853515625,0.0,1351.3599853515625
2024-04-07,1350.27001953125,1356.77001953125,1350.27001953125,1350.27001953125,0.0,1350.27001953125
2024-04-08,1354.219970703125,1356.52001953125,1350.22998046875,1354.219970703125,0.0,1354.219970703125
2024-04-09,1348.5400390625,1364.4599609375,1326.9300537109375,1348.5400390625,0.0,1348.5400390625
2024-04-10,1363.760009765625,1370.8299560546875,1357.8800048828125,1363.760009765625,0.0,1363.760009765625
2024-04-11,1367.8399658203125,1385.8900146484375,1366.9599609375,1367.8399658203125,0.0,1367.8399658203125
2024-04-14,1379.6099853515625,1389.010009765625,1379.5999755859375,1379.6099853515625,0.0,1379.6099853515625
2024-04-15,1387.6700439453125,1399.9599609375,1387.1500244140625,1387.6700439453125,0.0,1387.6700439453125
2024-04-16,1387.3399658203125,1390.7900390625,1378.3299560546875,1387.3399658203125,0.0,1387.3399658203125
2024-04-17,1379.5400390625,1381.3499755859375,1370.3599853515625,1379.5400390625,0.0,1379.5400390625
2024-04-18,1379.4000244140625,1392.6199951171875,1374.5699462890625,1379.4000244140625,0.0,1379.4000244140625
2024-04-21,1373.9300537109375,1382.9300537109375,1373.4100341796875,1373.9300537109375,0.0,1373.9300537109375
2024-04-22,1378.8399658203125,1379.6099853515625,1371.2099609375,1378.8399658203125,0.0,1378.8399658203125
2024-04-23,1370.47998046875,1377.4300537109375,1366.7900390625,1370.47998046875,0.0,1370.47998046875
2024-04-24,1376.969970703125,1379.0899658203125,1370.56005859375,1376.969970703125,0.0,1376.969970703125
2024-04-25,1371.699951171875,1378.6500244140625,1370.3399658203125,1371.699951171875,0.0,1371.699951171875
2024-04-28,1377.0899658203125,1383.9599609375,1373.530029296875,1377.0899658203125,0.0,1377.0899658203125
2024-04-29,1374.6400146484375,1384.760009765625,1372.7900390625,1374.6400146484375,0.0,1374.6400146484375
2024-04-30,1385.4599609375,1387.6500244140625,1362.530029296875,1385.4599609375,0.0,1385.4599609375
2024-05-01,1375.0,1381.9599609375,1368.989990234375,1375.0,0.0,1375.0
2024-05-02,1364.6400146484375,1370.3399658203125,1344.510009765625,1364.6400146484375,0.0,1364.6400146484375
2024-05-05,1355.050048828125,1360.7900390625,1352.3499755859375,1355.050048828125,0.0,1355.050048828125
2024-05-06,1352.1700439453125,1360.8499755859375,1352.510009765625,1352.1700439453125,0.0,1352.1700439453125
2024-05-07,1357.72998046875,1366.5999755859375,1356.27001953125,1357.72998046875,0.0,1357.72998046875
2024-05-08,1361.93994140625,1371.8299560546875,1361.93994140625,1361.93994140625,0.0,1361.93994140625
2024-05-09,1365.4000244140625,1370.3299560546875,1363.0,1365.4000244140625,0.0,1365.4000244140625
2024-05-12,1370.1099853515625,1372.9100341796875,1364.6300048828125,1370.1099853515625,0.0,1370.1099853515625
2024-05-13,1363.7900390625,1370.3900146484375,1362.5999755859375,1363.7900390625,0.0,1363.7900390625
2024-05-14,1362.550048828125,1365.550048828125,1342.8299560546875,1362.550048828125,0.0,1362.550048828125
2024-05-15,1353.5999755859375,1353.93994140625,1342.0899658203125,1353.5999755859375,0.0,1353.5999755859375
2024-05-16,1346.0400390625,1359.3900146484375,1346.0400390625,1346.0400390625,0.0,1346.0400390625
2024-05-19,1353.3900146484375,1361.699951171875,1353.3800048828125,1353.3900146484375,0.0,1353.3900146484375
2024-05-20,1360.1600341796875,1367.3199462890625,1360.1600341796875,1360.1600341796875,0.0,1360.1600341796875
2024-05-21,1363.4200439453125,1367.8399658203125,1359.949951171875,1363.4200439453125,0.0,1363.4200439453125
2024-05-22,1365.81005859375,1367.1300048828125,1358.1199951171875,1365.81005859375,0.0,1365.81005859375
2024-05-23,1367.6199951171875,1371.4300537109375,1363.6300048828125,1367.6199951171875,0.0,1367.6199951171875
2024-05-26,1365.7099609375,1366.9200439453125,1360.050048828125,1365.7099609375,0.0,1365.7099609375
2024-05-27,1360.9300537109375,1362.81005859375,1354.8499755859375,1360.9300537109375,0.0,1360.9300537109375
2024-05-28,1362.760009765625,1370.27001953125,1362.72998046875,1362.760009765625,0.0,1362.760009765625
2024-05-29,1370.550048828125,1380.9300537109375,1369.739990234375,1370.550048828125,0.0,1370.550048828125
2024-05-30,1375.6199951171875,1387.489990234375,1375.3599853515625,1375.6199951171875,0.0,1375.6199951171875
2024-06-02,1382.0999755859375,1382.1099853515625,1369.969970703125,1382.0999755859375,0.0,1382.0999755859375
2024-06-03,1370.7900390625,1378.43994140625,1368.510009765625,1370.7900390625,0.0,1370.7900390625
2024-06-04,1373.719970703125,1376.050048828125,1367.449951171875,1373.719970703125,0.0,1373.719970703125
2024-06-05,1368.739990234375,1369.010009765625,1355.4000244140625,1368.739990234375,0.0,1368.739990234375
2024-06-06,1365.25,1378.5999755859375,1354.3399658203125,1365.25,0.0,1365.25
2024-06-09,1379.050048828125,1381.3699951171875,1373.6400146484375,1379.050048828125,0.0,1379.050048828125
2024-06-10,1373.9599609375,1380.72998046875,1373.8699951171875,1373.9599609375,0.0,1373.9599609375
2024-06-11,1377.3599853515625,1380.1700439453125,1364.0799560546875,1377.3599853515625,0.0,1377.3599853515625
2024-06-12,1370.4100341796875,1377.0899658203125,1366.260009765625,1370.4100341796875,0.0,1370.4100341796875
2024-06-13,1373.739990234375,1386.8599853515625,1374.6700439453125,1373.739990234375,0.0,1373.739990234375
2024-06-16,1382.280029296875,1383.0799560546875,1377.3499755859375,1382.280029296875,0.0,1382.280029296875
2024-06-17,1379.06005859375,1385.25,1377.97998046875,1379.06005859375,0.0,1379.06005859375
2024-06-18,1378.6099853515625,1382.6300048828125,1377.6300048828125,1378.6099853515625,0.0,1378.6099853515625
2024-06-19,1381.1500244140625,1391.0799560546875,1381.1500244140625,1381.1500244140625,0.0,1381.1500244140625
2024-06-20,1391.8199462890625,1392.4300537109375,1385.75,1391.8199462890625,0.0,1391.8199462890625
2024-06-23,1388.3900146484375,1391.06005859375,1383.9599609375,1388.3900146484375,0.0,1388.3900146484375
2024-06-24,1386.1099853515625,1391.93994140625,1383.760009765625,1386.1099853515625,0.0,1386.1099853515625
2024-06-25,1390.8900146484375,1394.510009765625,1387.760009765625,1390.8900146484375,0.0,1390.8900146484375
2024-06-26,1393.3800048828125,1394.2099609375,1383.1300048828125,1393.3800048828125,0.0,1393.3800048828125
2024-06-27,1386.949951171875,1388.27001953125,1370.8499755859375,1386.949951171875,0.0,1386.949951171875
2024-06-30,1380.2900390625,1384.6800537109375,1376.8299560546875,1380.2900390625,0.0,1380.2900390625
2024-07-01,1383.4200439453125,1390.219970703125,1382.6199951171875,1383.4200439453125,0.0,1383.4200439453125
2024-07-02,1383.4200439453125,1391.8699951171875,1381.3299560546875,1383.4200439453125,0.0,1383.4200439453125
2024-07-03,1385.77001953125,1386.7099609375,1378.530029296875,1385.77001953125,0.0,1385.77001953125
2024-07-04,1380.25,1383.3699951171875,1371.510009765625,1380.25,0.0,1380.25
2024-07-07,1376.5699462890625,1384.9100341796875,1376.2099609375,1376.5699462890625,0.0,1376.5699462890625
2024-07-08,1382.75,1385.9100341796875,1380.4200439453125,1382.75,0.0,1382.75
2024-07-09,1382.4200439453125,1387.760009765625,1382.4200439453125,1382.4200439453125,0.0,1382.4200439453125
2024-07-10,1382.989990234375,1382.989990234375,1361.6199951171875,1382.989990234375,0.0,1382.989990234375
2024-07-11,1371.27001953125,1379.449951171875,1368.77001953125,1371.27001953125,0.0,1371.27001953125
2024-07-14,1374.1099853515625,1383.6700439453125,1374.010009765625,1374.1099853515625,0.0,1374.1099853515625
2024-07-15,1383.68994140625,1387.1400146484375,1381.050048828125,1383.68994140625,0.0,1383.68994140625
2024-07-16,1382.6400146484375,1384.0899658203125,1375.0799560546875,1382.6400146484375,0.0,1382.6400146484375
2024-07-17,1378.6500244140625,1383.8599853515625,1374.969970703125,1378.6500244140625,0.0,1378.6500244140625
2024-07-18,1385.239990234375,1389.6400146484375,1383.97998046875,1385.239990234375,0.0,1385.239990234375
2024-07-21,1388.81005859375,1389.989990234375,1386.0,1388.81005859375,0.0,1388.81005859375
2024-07-22,1387.0999755859375,1387.5799560546875,1381.6600341796875,1387.0999755859375,0.0,1387.0999755859375
2024-07-23,1384.5699462890625,1387.4599609375,1377.8699951171875,1384.5699462890625,0.0,1384.5699462890625
2024-07-24,1382.6500244140625,1388.06005859375,1376.5999755859375,1382.6500244140625,0.0,1382.6500244140625
2024-07-25,1381.4300537109375,1387.0400390625,1382.2900390625,1381.4300537109375,0.0,1381.4300537109375
2024-07-28,1382.0899658203125,1385.1099853515625,1379.260009765625,1382.0899658203125,0.0,1382.0899658203125
2024-07-29,1381.3599853515625,1386.1700439453125,1382.050048828125,1381.3599853515625,0.0,1381.3599853515625
2024-07-30,1383.5,1384.199951171875,1368.3900146484375,1383.5,0.0,1383.5
2024-07-31,1367.9200439453125,1369.3699951171875,1360.8599853515625,1367.9200439453125,0.0,1367.9200439453125
2024-08-01,1368.969970703125,1376.969970703125,1350.989990234375,1368.969970703125,0.0,1368.969970703125
2024-08-04,1357.1700439453125,1374.3299560546875,1353.97998046875,1357.1700439453125,0.0,1357.1700439453125
2024-08-05,1367.4000244140625,1379.6600341796875,1364.0799560546875,1367.4000244140625,0.0,1367.4000244140625
2024-08-06,1370.31005859375,1378.949951171875,1372.1800537109375,1370.31005859375,0.0,1370.31005859375
2024-08-07,1375.3299560546875,1379.530029296875,1372.1300048828125,1375.3299560546875,0.0,1375.3299560546875
2024-08-08,1373.760009765625,1377.06005859375,1360.6500244140625,1373.760009765625,0.0,1373.760009765625
2024-08-11,1363.8399658203125,1372.0899658203125,1362.97998046875,1363.8399658203125,0.0,1363.8399658203125
2024-08-12,1369.5400390625,1372.18994140625,1360.0999755859375,1369.5400390625,0.0,1369.5400390625
2024-08-13,1362.1700439453125,1364.31005859375,1334.56005859375,1362.1700439453125,0.0,1362.1700439453125
2024-08-14,1355.7099609375,1366.1400146484375,1341.449951171875,1355.7099609375,0.0,1355.7099609375
2024-08-15,1363.510009765625,1363.8800048828125,1353.5400390625,1363.510009765625,0.0,1363.510009765625
2024-08-18,1348.97998046875,1349.510009765625,1330.0899658203125,1348.97998046875,0.0,1348.97998046875
2024-08-19,1330.8800048828125,1335.6199951171875,1313.4100341796875,1330.8800048828125,0.0,1330.8800048828125
2024-08-20,1327.5799560546875,1339.6400146484375,1324.4000244140625,1327.5799560546875,0.0,1327.5799560546875
2024-08-21,1333.6600341796875,1343.699951171875,1330.27001953125,1333.6600341796875,0.0,1333.6600341796875
2024-08-22,1339.5400390625,1342.5999755859375,1323.27001953125,1339.5400390625,0.0,1339.5400390625
2024-08-25,1323.8800048828125,1328.699951171875,1317.0999755859375,1323.8800048828125,0.0,1323.8800048828125
2024-08-26,1326.6400146484375,1334.8499755859375,1326.6400146484375,1326.6400146484375,0.0,1326.6400146484375
2024-08-27,1326.3599853515625,1339.47998046875,1326.3599853515625,1326.3599853515625,0.0,1326.3599853515625
2024-08-28,1336.68994140625,1338.1600341796875,1326.7099609375,1336.68994140625,0.0,1336.68994140625
2024-08-29,1332.8800048828125,1336.1300048828125,1316.68994140625,1332.8800048828125,0.0,1332.8800048828125
2024-09-01,1336.5799560546875,1341.1400146484375,1335.52001953125,1336.5799560546875,0.0,1336.5799560546875
2024-09-02,1337.550048828125,1344.1800537109375,1336.81005859375,1337.550048828125,0.0,1337.550048828125
2024-09-03,1340.4100341796875,1343.7099609375,1332.52001953125,1340.4100341796875,0.0,1340.4100341796875
2024-09-04,1331.010009765625,1337.9000244140625,1331.1500244140625,1331.010009765625,0.0,1331.010009765625
2024-09-05,1332.7900390625,1336.219970703125,1322.9100341796875,1332.7900390625,0.0,1332.7900390625
2024-09-08,1337.77001953125,1347.5999755859375,1336.8499755859375,1337.77001953125,0.0,1337.77001953125
2024-09-09,1341.27001953125,1345.469970703125,1339.8199462890625,1341.27001953125,0.0,1341.27001953125
2024-09-10,1343.3399658203125,1344.5699462890625,1335.449951171875,1343.3399658203125,0.0,1343.3399658203125
2024-09-11,1339.1800537109375,1342.550048828125,1337.2900390625,1339.1800537109375,0.0,1339.1800537109375
2024-09-12,1335.68994140625,1336.300048828125,1324.0899658203125,1335.68994140625,0.0,1335.68994140625
2024-09-15,1329.510009765625,1329.6099853515625,1315.3399658203125,1329.510009765625,0.0,1329.510009765625
2024-09-16,1319.1099853515625,1324.8800048828125,1313.9300537109375,1319.1099853515625,0.0,1319.1099853515625
2024-09-17,1322.9300537109375,1327.27001953125,1320.27001953125,1322.9300537109375,0.0,1322.9300537109375
2024-09-18,1322.260009765625,1335.949951171875,1321.3900146484375,1322.260009765625,0.0,1322.260009765625
2024-09-19,1327.6099853515625,1337.22998046875,1327.0,1327.6099853515625,0.0,1327.6099853515625
2024-09-22,1331.5,1339.6600341796875,1331.489990234375,1331.5,0.0,1331.5
2024-09-23,1333.6199951171875,1336.6099853515625,1328.9599609375,1333.6199951171875,0.0,1333.6199951171875
2024-09-24,1324.8900146484375,1335.8399658203125,1323.5,1324.8900146484375,0.0,1324.8900146484375
2024-09-25,1335.050048828125,1335.5699462890625,1313.1500244140625,1335.050048828125,0.0,1335.050048828125
2024-09-26,1313.300048828125,1322.219970703125,1305.8699951171875,1313.300048828125,0.0,1313.300048828125
2024-09-29,1309.300048828125,1315.0999755859375,1302.800048828125,1309.300048828125,0.0,1309.300048828125
2024-09-30,1315.3299560546875,1326.530029296875,1314.239990234375,1315.3299560546875,0.0,1315.3299560546875
2024-10-01,1324.8399658203125,1325.449951171875,1317.18994140625,1324.8399658203125,0.0,1324.8399658203125
2024-10-02,1324.030029296875,1337.6300048828125,1322.3199462890625,1324.030029296875,0.0,1324.030029296875
2024-10-03,1334.4100341796875,1350.4100341796875,1320.1600341796875,1334.4100341796875,0.0,1334.4100341796875
2024-10-06,1345.8800048828125,1349.6300048828125,1342.68994140625,1345.8800048828125,0.0,1345.8800048828125
2024-10-07,1342.3699951171875,1351.0999755859375,1341.449951171875,1342.3699951171875,0.0,1342.3699951171875
2024-10-08,1341.31005859375,1347.280029296875,1337.280029296875,1341.31005859375,0.0,1341.31005859375
2024-10-09,1343.02001953125,1353.6300048828125,1341.9100341796875,1343.02001953125,0.0,1343.02001953125
2024-10-10,1349.739990234375,1351.77001953125,1344.8499755859375,1349.739990234375,0.0,1349.739990234375
2024-10-13,1348.3299560546875,1360.4000244140625,1348.3299560546875,1348.3299560546875,0.0,1348.3299560546875
2024-10-14,1357.27001953125,1365.1700439453125,1356.5400390625,1357.27001953125,0.0,1357.27001953125
2024-10-15,1363.1800537109375,1366.8900146484375,1359.0699462890625,1363.1800537109375,0.0,1363.1800537109375
2024-10-16,1364.199951171875,1372.989990234375,1363.4300537109375,1364.199951171875,0.0,1364.199951171875
2024-10-17,1370.050048828125,1372.8900146484375,1367.4000244140625,1370.050048828125,0.0,1370.050048828125
2024-10-20,1369.010009765625,1381.1600341796875,1366.0699462890625,1369.010009765625,0.0,1369.010009765625
2024-10-21,1376.5,1382.6800537109375,1376.449951171875,1376.5,0.0,1376.5
2024-10-22,1376.6300048828125,1385.56005859375,1376.68994140625,1376.6300048828125,0.0,1376.6300048828125
2024-10-23,1377.3399658203125,1382.1099853515625,1377.0,1377.3399658203125,0.0,1377.3399658203125
2024-10-24,1376.3199462890625,1390.489990234375,1376.3599853515625,1376.3199462890625,0.0,1376.3199462890625
2024-10-28,1387.6600341796875,1388.7099609375,1382.1400146484375,1387.6600341796875,0.0,1387.6600341796875
2024-10-29,1381.969970703125,1389.3499755859375,1376.56005859375,1381.969970703125,0.0,1381.969970703125
2024-10-30,1383.1800537109375,1384.4200439453125,1373.4000244140625,1383.1800537109375,0.0,1383.1800537109375
2024-10-31,1378.5699462890625,1381.3900146484375,1371.969970703125,1378.5699462890625,0.0,1378.5699462890625
2024-11-01,1372.9300537109375,1380.22998046875,1372.52001953125,1372.9300537109375,0.0,1372.9300537109375
2024-11-04,1379.3399658203125,1376.02001953125,1367.780029296875,1379.3399658203125,0.0,1379.3399658203125
2024-11-05,1372.8599853515625,1380.5699462890625,1372.6400146484375,1372.8599853515625,0.0,1372.8599853515625
2024-11-06,1378.0,1403.969970703125,1345.760009765625,1378.0,0.0,1378.0
2024-11-07,1399.800048828125,1404.030029296875,1381.02001953125,1399.800048828125,0.0,1399.800048828125
2024-11-08,1372.0799560546875,1397.3699951171875,1372.0799560546875,1372.0799560546875,0.0,1372.0799560546875
2024-11-11,1397.199951171875,1402.0,1391.9300537109375,1397.199951171875,0.0,1397.199951171875
2024-11-12,1400.550048828125,1409.550048828125,1398.56005859375,1400.550048828125,0.0,1400.550048828125
2024-11-13,1406.6500244140625,1410.5400390625,1391.4100341796875,1406.6500244140625,0.0,1406.6500244140625
2024-11-14,1399.0,1411.27001953125,1386.1600341796875,1399.0,0.0,1399.0
2024-11-15,1400.8299560546875,1408.3800048828125,1389.239990234375,1400.8299560546875,0.0,1400.8299560546875
2024-11-18,1394.3499755859375,1400.3299560546875,1389.260009765625,1394.3499755859375,0.0,1394.3499755859375
2024-11-19,1389.5,1397.1500244140625,1388.25,1389.5,0.0,1389.5
2024-11-20,1392.1600341796875,1400.9100341796875,1388.0,1392.1600341796875,0.0,1392.1600341796875
2024-11-21,1397.6199951171875,1402.1300048828125,1393.8299560546875,1397.6199951171875,0.0,1397.6199951171875
2024-11-22,1399.5999755859375,1408.18994140625,1398.300048828125,1399.5999755859375,0.0,1399.5999755859375
2024-11-25,1403.510009765625,1404.3299560546875,1395.0899658203125,1403.510009765625,0.0,1403.510009765625
2024-11-26,1395.56005859375,1407.5699462890625,1393.47998046875,1395.56005859375,0.0,1395.56005859375
2024-11-27,1395.27001953125,1398.449951171875,1389.3699951171875,1395.27001953125,0.0,1395.27001953125
2024-11-28,1388.469970703125,1397.5699462890625,1388.469970703125,1388.469970703125,0.0,1388.469970703125
2024-11-29,1393.300048828125,1398.5,1389.6500244140625,1393.300048828125,0.0,1393.300048828125
2024-12-02,1399.8599853515625,1407.050048828125,1397.949951171875,1399.8599853515625,0.0,1399.8599853515625
2024-12-03,1401.06005859375,1442.2099609375,1375.0400390625,1401.06005859375,0.0,1401.06005859375
2024-12-04,1411.6700439453125,1418.280029296875,1403.510009765625,1411.6700439453125,0.0,1411.6700439453125
2024-12-05,1410.800048828125,1419.0699462890625,1410.9300537109375,1410.800048828125,0.0,1410.800048828125
2024-12-06,1399.989990234375,1427.969970703125,1411.3599853515625,1399.989990234375,0.0,1399.989990234375
2024-12-09,1424.219970703125,1438.239990234375,1424.260009765625,1424.219970703125,0.0,1424.219970703125
2024-12-10,1426.5999755859375,1433.1700439453125,1425.2900390625,1426.5999755859375,0.0,1426.5999755859375
2024-12-11,1433.949951171875,1435.949951171875,1418.6199951171875,1433.949951171875,0.0,1433.949951171875
2024-12-12,1429.1500244140625,1434.5899658203125,1427.81005859375,1429.1500244140625,0.0,1429.1500244140625
2024-12-13,1427.8599853515625,1436.0,1428.760009765625,1427.8599853515625,0.0,1427.8599853515625
2024-12-16,1434.449951171875,1438.8599853515625,1432.969970703125,1434.449951171875,0.0,1434.449951171875
2024-12-17,1431.3499755859375,1439.5,1433.969970703125,1431.3499755859375,0.0,1431.3499755859375
2024-12-18,1436.4200439453125,1438.6400146484375,1433.7900390625,1436.4200439453125,0.0,1436.4200439453125
2024-12-19,1451.5,1453.06005859375,1436.219970703125,1451.5,0.0,1451.5
2024-12-20,1437.449951171875,1452.0,1440.1099853515625,1437.449951171875,0.0,1437.449951171875
2024-12-23,1445.4200439453125,1453.52001953125,1445.4300537109375,1445.4200439453125,0.0,1445.4200439453125
2024-12-24,1442.699951171875,1459.9200439453125,1449.3299560546875,1442.699951171875,0.0,1442.699951171875
2024-12-25,1453.4200439453125,1458.0799560546875,1448.449951171875,1453.4200439453125,0.0,1453.4200439453125
2024-12-26,1457.6099853515625,1470.2900390625,1454.77001953125,1457.6099853515625,0.0,1457.6099853515625
2024-12-27,1466.989990234375,1487.0400390625,1462.800048828125,1466.989990234375,0.0,1466.989990234375
2024-12-30,1472.800048828125,1475.25,1466.3599853515625,1472.800048828125,0.0,1472.800048828125
2024-12-31,1467.3900146484375,1478.06005859375,1464.8900146484375,1467.3900146484375,0.0,1467.3900146484375
2025-01-01,,,,,,
2025-01-02,1473.3800048828125,1476.0799560546875,1462.739990234375,1473.52001953125,0.0,1473.52001953125
2025-01-03,1471.6500244140625,1472.4200439453125,1464.1400146484375,1471.6500244140625,0.0,1471.6500244140625
2025-01-06,1465.530029296875,1471.010009765625,1453.1300048828125,1465.530029296875,0.0,1465.530029296875
2025-01-07,1459.449951171875,1464.989990234375,1443.9100341796875,1459.449951171875,0.0,1459.449951171875
2025-01-08,1451.8800048828125,1464.030029296875,1448.760009765625,1451.8800048828125,0.0,1451.8800048828125
2025-01-09,1457.969970703125,1465.4599609375,1454.0400390625,1457.969970703125,0.0,1457.969970703125
2025-01-10,1455.22998046875,1474.800048828125,1441.050048828125,1455.22998046875,0.0,1455.22998046875
2025-01-13,1472.25,1473.1300048828125,1464.7900390625,1472.25,0.0,1472.25
2025-01-14,1458.8900146484375,1466.3499755859375,1453.1400146484375,1458.8900146484375,0.0,1458.8900146484375
2025-01-15,1460.43994140625,1462.6700439453125,1437.4100341796875,1460.43994140625,0.0,1460.43994140625
2025-01-16,1437.219970703125,1459.5,1449.1099853515625,1437.219970703125,0.0,1437.219970703125
2025-01-17,1453.3199462890625,1460.22998046875,1451.22998046875,1453.3199462890625,0.0,1453.3199462890625
2025-01-20,1457.3800048828125,1457.3900146484375,1433.1300048828125,1457.3800048828125,0.0,1457.3800048828125
2025-01-21,1435.530029296875,1443.6300048828125,1361.25,1435.530029296875,0.0,1435.530029296875
2025-01-22,1425.7900390625,1438.75,1429.6700439453125,1425.7900390625,0.0,1425.7900390625
2025-01-23,1434.3399658203125,1440.8699951171875,1431.239990234375,1434.3399658203125,0.0,1434.3399658203125
2025-01-24,1433.9300537109375,1437.27001953125,1425.8499755859375,1433.9300537109375,0.0,1433.9300537109375
2025-01-27,1427.6300048828125,1438.7900390625,1427.6300048828125,1427.6300048828125,0.0,1427.6300048828125
2025-01-28,1417.9200439453125,1450.4300537109375,1407.5899658203125,1417.9200439453125,0.0,1417.9200439453125
2025-01-29,1443.260009765625,1448.43994140625,1422.050048828125,1443.260009765625,0.0,1443.260009765625
2025-01-30,1443.3199462890625,1444.0,1438.9300537109375,1443.3199462890625,0.0,1443.3199462890625
2025-01-31,1441.6600341796875,1455.77001953125,1444.5799560546875,1441.6600341796875,0.0,1441.6600341796875
2025-02-03,1456.780029296875,1471.75,1460.0999755859375,1456.780029296875,0.0,1456.780029296875
2025-02-04,1459.050048828125,1466.18994140625,1448.4100341796875,1459.050048828125,0.0,1459.050048828125
2025-02-05,1450.1600341796875,1454.3900146484375,1440.6400146484375,1450.1600341796875,0.0,1450.1600341796875
2025-02-06,1443.8900146484375,1451.02001953125,1442.93994140625,1443.8900146484375,0.0,1443.8900146484375
2025-02-07,1442.1500244140625,1454.72998046875,1436.469970703125,1442.1500244140625,0.0,1442.1500244140625
2025-02-10,1450.6199951171875,1456.6199951171875,1448.6099853515625,1450.6199951171875,0.0,1450.6199951171875
2025-02-11,1453.2099609375,1455.3800048828125,1450.5,1453.2099609375,0.0,1453.2099609375
2025-02-12,1450.75,1459.0899658203125,1446.6800537109375,1450.75,0.0,1450.75
2025-02-13,1452.1199951171875,1454.949951171875,1444.6099853515625,1452.1199951171875,0.0,1452.1199951171875
2025-02-14,1438.739990234375,1445.010009765625,1434.6500244140625,1438.739990234375,0.0,1438.739990234375
2025-02-17,1432.5999755859375,1444.75,1438.7099609375,1432.5999755859375,0.0,1432.5999755859375
2025-02-18,1441.2900390625,1445.8900146484375,1437.510009765625,1441.2900390625,0.0,1441.2900390625
2025-02-19,1440.0799560546875,1443.949951171875,1436.8499755859375,1440.0799560546875,0.0,1440.0799560546875
2025-02-20,1439.97998046875,1442.199951171875,1433.300048828125,1439.97998046875,0.0,1439.97998046875
2025-02-21,1431.699951171875,1436.1099853515625,1429.699951171875,1431.699951171875,0.0,1431.699951171875
2025-02-24,1434.2900390625,1433.6500244140625,1423.9000244140625,1434.2900390625,0.0,1434.2900390625
2025-02-25,1428.6500244140625,1435.0899658203125,1427.449951171875,1428.6500244140625,0.0,1428.6500244140625
2025-02-26,1429.5,1436.3699951171875,1427.8499755859375,1429.5,0.0,1429.5
2025-02-27,1434.4200439453125,1448.5899658203125,1433.530029296875,1434.4200439453125,0.0,1434.4200439453125
2025-02-28,1449.8599853515625,1463.800048828125,1449.8599853515625,1449.8599853515625,0.0,1449.8599853515625
2025-03-03,1459.800048828125,1461.52001953125,1454.949951171875,1459.800048828125,0.0,1459.800048828125
2025-03-04,1457.9300537109375,1462.030029296875,1453.199951171875,1457.9300537109375,0.0,1457.9300537109375
2025-03-05,1452.8499755859375,1460.0400390625,1441.989990234375,1452.8499755859375,0.0,1452.8499755859375
2025-03-06,1443.030029296875,1450.75,1436.5,1443.030029296875,0.0,1443.030029296875
2025-03-07,1446.5,1449.4100341796875,1437.800048828125,1446.5,0.0,1446.5
2025-03-10,1446.260009765625,1457.18994140625,1445.4000244140625,1446.260009765625,0.0,1446.260009765625
2025-03-11,1457.030029296875,1459.1800537109375,1450.5699462890625,1457.030029296875,0.0,1457.030029296875
2025-03-12,1451.02001953125,1454.050048828125,1437.6800537109375,1451.02001953125,0.0,1451.02001953125
2025-03-13,1448.75,1457.4200439453125,1447.8499755859375,1448.75,0.0,1448.75
2025-03-14,1453.530029296875,1456.5,1450.9200439453125,1453.22998046875,0.0,1453.22998046875
2025-03-17,1449.050048828125,1450.030029296875,1443.5799560546875,1449.050048828125,0.0,1449.050048828125
2025-03-18,1442.489990234375,1455.1300048828125,1440.6800537109375,1442.489990234375,0.0,1442.489990234375
2025-03-19,1448.93994140625,1462.050048828125,1448.6199951171875,1448.93994140625,0.0,1448.93994140625
2025-03-20,1443.3900146484375,1470.780029296875,1455.0999755859375,1443.3900146484375,0.0,1443.3900146484375
2025-03-21,1465.8199462890625,1469.1700439453125,1459.1600341796875,1465.8199462890625,0.0,1465.8199462890625
2025-03-24,1464.780029296875,1469.75,1461.800048828125,1464.780029296875,0.0,1464.780029296875
2025-03-25,1466.27001953125,1470.949951171875,1463.699951171875,1466.27001953125,0.0,1466.27001953125
2025-03-26,1462.0899658203125,1467.3699951171875,1461.9300537109375,1462.0899658203125,0.0,1462.0899658203125
2025-03-27,1465.6800537109375,1470.06005859375,1462.4599609375,1465.6800537109375,0.0,1465.6800537109375
2025-03-28,1461.8900146484375,1469.2099609375,1461.8900146484375,1461.8900146484375,0.0,1461.8900146484375
2025-03-30,1469.4100341796875,1477.0400390625,1468.0699462890625,1469.4100341796875,0.0,1469.4100341796875
2025-03-31,1471.9599609375,1476.469970703125,1466.699951171875,1471.9599609375,0.0,1471.9599609375
2025-04-01,1469.969970703125,1472.4000244140625,1460.2900390625,1469.969970703125,0.0,1469.969970703125
2025-04-02,1466.0400390625,1470.199951171875,1448.75,1466.0400390625,0.0,1466.0400390625
2025-04-03,1450.6800537109375,1461.6300048828125,1430.300048828125,1450.6800537109375,0.0,1450.6800537109375
2025-04-06,1458.52001953125,1470.6700439453125,1453.8199462890625,1458.52001953125,0.0,1458.52001953125
2025-04-07,1469.949951171875,1482.25,1465.9000244140625,1469.949951171875,0.0,1469.949951171875
2025-04-08,1486.1300048828125,1486.9000244140625,1470.3900146484375,1486.1300048828125,0.0,1486.1300048828125
2025-04-09,1443.949951171875,1465.2900390625,1446.52001953125,1443.949951171875,0.0,1443.949951171875
2025-04-10,1452.0400390625,1455.9000244140625,1417.4300537109375,1452.0400390625,0.0,1452.0400390625
2025-04-13,1419.050048828125,1431.5899658203125,1414.719970703125,1419.050048828125,0.0,1419.050048828125
2025-04-14,1419.4200439453125,1431.1800537109375,1419.18994140625,1419.4200439453125,0.0,1419.4200439453125
2025-04-15,1427.02001953125,1430.6099853515625,1413.6199951171875,1427.02001953125,0.0,1427.02001953125
2025-04-16,1414.22998046875,1422.469970703125,1413.8299560546875,1414.22998046875,0.0,1414.22998046875
2025-04-17,,,,,,
2025-04-20,,,,,,
2025-04-21,1421.6400146484375,1427.0400390625,1417.9599609375,1421.6400146484375,0.0,1421.6400146484375
2025-04-22,1429.219970703125,1431.0,1414.8599853515625,1429.219970703125,0.0,1429.219970703125
2025-04-23,1426.449951171875,1439.7099609375,1425.8499755859375,1426.449951171875,0.0,1426.449951171875
2025-04-24,1430.06005859375,1443.510009765625,1429.8499755859375,1430.06005859375,0.0,1430.06005859375
2025-04-27,1437.3599853515625,1446.0400390625,1434.3199462890625,1437.3599853515625,0.0,1437.3599853515625
2025-04-28,1435.8800048828125,1441.22998046875,1431.25,1435.8800048828125,0.0,1435.8800048828125
2025-04-29,1431.1600341796875,1433.199951171875,1409.780029296875,1431.1600341796875,0.0,1431.1600341796875
2025-04-30,1423.75,1437.8199462890625,1408.3199462890625,1423.75,0.0,1423.75
2025-05-01,1435.0999755859375,1437.699951171875,1388.1199951171875,1435.0999755859375,0.0,1435.0999755859375
2025-05-04,1398.9000244140625,1399.0,1357.2099609375,1398.9000244140625,0.0,1398.9000244140625
2025-05-05,1374.3699951171875,1389.6700439453125,1374.3699951171875,1374.3699951171875,0.0,1374.3699951171875
2025-05-06,1374.77001953125,1401.9000244140625,1374.780029296875,1374.77001953125,0.0,1374.77001953125
2025-05-07,1397.2900390625,1404.18994140625,1391.8399658203125,1397.2900390625,0.0,1397.2900390625
2025-05-08,1403.8499755859375,1414.719970703125,1397.4100341796875,1403.8499755859375,0.0,1403.8499755859375
2025-05-11,1395.1700439453125,1424.02001953125,1376.25,1395.1700439453125,0.0,1395.1700439453125
2025-05-12,1416.030029296875,1428.199951171875,1407.4300537109375,1416.030029296875,0.0,1416.030029296875
2025-05-13,1416.0,1421.5400390625,1387.0,1416.0,0.0,1416.0
2025-05-14,1407.3299560546875,1410.800048828125,1389.280029296875,1407.3299560546875,0.0,1407.3299560546875
2025-05-15,1397.02001953125,1401.800048828125,1387.4100341796875,1397.02001953125,0.0,1397.02001953125
2025-05-18,1398.1300048828125,1401.02001953125,1386.4100341796875,1398.1300048828125,0.0,1398.1300048828125
2025-05-19,1388.550048828125,1396.43994140625,1388.949951171875,1388.550048828125,0.0,1388.550048828125
2025-05-20,1392.72998046875,1392.72998046875,1367.2099609375,1392.72998046875,0.0,1392.72998046875
2025-05-21,1373.8599853515625,1385.780029296875,1373.199951171875,1373.8599853515625,0.0,1373.8599853515625
2025-05-22,1381.3399658203125,1382.449951171875,1363.31005859375,1381.3399658203125,0.0,1381.3399658203125
2025-05-25,1364.72998046875,1370.43994140625,1360.02001953125,1364.72998046875,0.0,1364.72998046875
2025-05-26,1368.0999755859375,1376.010009765625,1364.1800537109375,1368.0999755859375,0.0,1368.0999755859375
2025-05-27,1374.800048828125,1377.7900390625,1368.3299560546875,1374.800048828125,0.0,1374.800048828125
2025-05-28,1373.5999755859375,1385.22998046875,1368.6700439453125,1373.5999755859375,0.0,1373.5999755859375
2025-05-29,1370.4100341796875,1382.3299560546875,1368.010009765625,1370.4100341796875,0.0,1370.4100341796875
2025-06-01,1381.989990234375,1381.989990234375,1370.6700439453125,1381.989990234375,0.0,1381.989990234375
2025-06-02,1376.0699462890625,1380.1800537109375,1372.8199462890625,1376.0699462890625,0.0,1376.0699462890625
2025-06-03,1377.719970703125,1377.719970703125,1361.489990234375,1377.719970703125,0.0,1377.719970703125
2025-06-04,1361.0899658203125,1363.1099853515625,1350.5400390625,1361.0899658203125,0.0,1361.0899658203125
2025-06-05,1354.550048828125,1361.18994140625,1352.449951171875,1354.550048828125,0.0,1354.550048828125
2025-06-08,1359.18994140625,1363.760009765625,1350.550048828125,1359.18994140625,0.0,1359.18994140625
2025-06-09,1353.8499755859375,1367.8900146484375,1351.699951171875,1353.8499755859375,0.0,1353.8499755859375
2025-06-10,1363.8800048828125,1375.280029296875,1362.0899658203125,1363.8800048828125,0.0,1363.8800048828125
2025-06-11,1365.68994140625,1370.300048828125,1349.0899658203125,1365.68994140625,0.0,1365.68994140625
2025-06-12,1349.7900390625,1373.0,1352.1099853515625,1349.7900390625,0.0,1349.7900390625
2025-06-15,1365.1400146484375,1368.1800537109375,1351.72998046875,1365.1400146484375,0.0,1365.1400146484375
2025-06-16,1357.780029296875,1371.9200439453125,1355.4200439453125,1357.780029296875,0.0,1357.780029296875
2025-06-17,1380.5,1379.719970703125,1368.3399658203125,1380.5,0.0,1380.5
2025-06-18,1370.75,1385.6400146484375,1373.3499755859375,1370.75,0.0,1370.75
2025-06-19,1374.8900146484375,1375.6099853515625,1364.050048828125,1374.8900146484375,0.0,1374.8900146484375
2025-06-22,1369.469970703125,1390.3199462890625,1371.760009765625,1369.469970703125,0.0,1369.469970703125
2025-06-23,1361.93994140625,1368.739990234375,1354.3900146484375,1361.93994140625,0.0,1361.93994140625
2025-06-24,1353.780029296875,1366.75,1355.56005859375,1353.780029296875,0.0,1353.780029296875
2025-06-25,1357.030029296875,1379.489990234375,1351.0,1357.030029296875,0.0,1357.030029296875
2025-06-26,1352.760009765625,1361.8800048828125,1353.0799560546875,1352.760009765625,0.0,1352.760009765625
2025-06-29,1363.5899658203125,1362.8499755859375,1346.4000244140625,1363.5899658203125,0.0,1363.5899658203125
2025-06-30,1348.5,1358.989990234375,1348.0699462890625,1348.5,0.0,1348.5
2025-07-01,1355.5899658203125,1363.6500244140625,1353.8299560546875,1355.5899658203125,0.0,1355.5899658203125
2025-07-02,1354.75,1369.1700439453125,1353.6600341796875,1354.75,0.0,1354.75
2025-07-03,1357.0999755859375,1366.97998046875,1358.1199951171875,1357.0999755859375,0.0,1357.0999755859375
2025-07-06,1362.199951171875,1371.050048828125,1360.75,1362.199951171875,0.0,1362.199951171875
2025-07-07,1374.6400146484375,1374.6400146484375,1364.47998046875,1374.6400146484375,0.0,1374.6400146484375
2025-07-08,1370.300048828125,1377.8499755859375,1369.800048828125,1370.300048828125,0.0,1370.300048828125
2025-07-09,1373.0,1375.0400390625,1368.5999755859375,1373.0,0.0,1373.0
2025-07-10,1372.6400146484375,1377.2900390625,1369.97998046875,1372.6400146484375,0.0,1372.6400146484375
2025-07-13,1378.1700439453125,1382.8900146484375,1375.1500244140625,1378.1700439453125,0.0,1378.1700439453125
2025-07-14,1382.010009765625,1387.77001953125,1376.31005859375,1382.010009765625,0.0,1382.010009765625
2025-07-15,1386.449951171875,1394.2099609375,1382.4300537109375,1386.449951171875,0.0,1386.449951171875
2025-07-16,1384.9200439453125,1396.22998046875,1385.43994140625,1384.9200439453125,0.0,1384.9200439453125
2025-07-17,1391.5799560546875,1394.3199462890625,1385.5,1391.5799560546875,0.0,1391.5799560546875
2025-07-20,1390.5699462890625,1392.719970703125,1380.3499755859375,1390.5699462890625,0.0,1390.5699462890625
2025-07-21,1381.8199462890625,1388.969970703125,1379.8900146484375,1381.8199462890625,0.0,1381.8199462890625
2025-07-22,1379.780029296875,1381.3800048828125,1373.3900146484375,1379.780029296875,0.0,1379.780029296875
2025-07-23,1373.719970703125,1373.9100341796875,1363.97998046875,1373.719970703125,0.0,1373.719970703125
2025-07-24,1372.0,1383.449951171875,1370.0799560546875,1372.0,0.0,1372.0
2025-07-27,1382.780029296875,1388.530029296875,1377.0,1382.780029296875,0.0,1382.780029296875
2025-07-28,1388.2900390625,1394.7099609375,1385.7900390625,1388.2900390625,0.0,1388.2900390625
2025-07-29,1388.8599853515625,1392.22998046875,1376.7099609375,1388.8599853515625,0.0,1388.8599853515625
2025-07-30,1392.52001953125,1397.22998046875,1385.3800048828125,1392.52001953125,0.0,1392.52001953125
2025-07-31,1391.510009765625,1406.0,1383.0899658203125,1391.510009765625,0.0,1391.510009765625
2025-08-03,1390.1800537109375,1388.469970703125,1379.050048828125,1390.1800537109375,0.0,1390.1800537109375
2025-08-04,1383.5899658203125,1391.6199951171875,1381.27001953125,1383.5899658203125,0.0,1383.5899658203125
2025-08-05,1386.5799560546875,1391.22998046875,1383.9300537109375,1386.5799560546875,0.0,1386.5799560546875
2025-08-06,1384.3900146484375,1387.8800048828125,1377.2099609375,1384.3900146484375,0.0,1384.3900146484375
2025-08-07,1384.969970703125,1391.43994140625,1378.3499755859375,1384.969970703125,0.0,1384.969970703125
2025-08-10,1387.81005859375,1392.9300537109375,1384.780029296875,1387.81005859375,0.0,1387.81005859375
2025-08-11,1389.7900390625,1392.4599609375,1382.550048828125,1389.7900390625,0.0,1389.7900390625
2025-08-12,1383.0899658203125,1386.3599853515625,1373.75,1383.0899658203125,0.0,1383.0899658203125
2025-08-13,1378.780029296875,1391.280029296875,1377.5799560546875,1378.780029296875,0.0,1378.780029296875
2025-08-14,1387.8699951171875,1391.489990234375,1385.7099609375,1387.8699951171875,0.0,1387.8699951171875
2025-08-17,1387.97998046875,1388.0999755859375,1381.72998046875,1387.97998046875,0.0,1387.97998046875
2025-08-18,1386.9100341796875,1392.2099609375,1386.8499755859375,1386.9100341796875,0.0,1386.9100341796875
2025-08-19,1391.3399658203125,1399.760009765625,1391.8199462890625,1391.3399658203125,0.0,1391.3399658203125
2025-08-20,1396.9100341796875,1403.760009765625,1395.800048828125,1396.9100341796875,0.0,1396.9100341796875
2025-08-21,1399.6099853515625,1400.510009765625,1379.3599853515625,1399.6099853515625,0.0,1399.6099853515625
2025-08-24,1382.8900146484375,1388.9000244140625,1382.8599853515625,1382.8900146484375,0.0,1382.8900146484375
2025-08-25,1389.050048828125,1398.2900390625,1386.25,1389.050048828125,0.0,1389.050048828125
2025-08-26,1393.949951171875,1398.93994140625,1392.9100341796875,1393.949951171875,0.0,1393.949951171875
2025-08-27,1392.75,1392.6500244140625,1383.550048828125,1392.75,0.0,1392.75
2025-08-28,1384.4100341796875,1393.2099609375,1383.300048828125,1384.4100341796875,0.0,1384.4100341796875
2025-08-31,1388.8399658203125,1394.0899658203125,1387.699951171875,1388.8399658203125,0.0,1388.8399658203125
2025-09-01,1392.93994140625,1398.199951171875,1388.5699462890625,1392.93994140625,0.0,1392.93994140625
2025-09-02,1394.5699462890625,1395.52001953125,1386.8900146484375,1394.5699462890625,0.0,1394.5699462890625
2025-09-03,1389.6300048828125,1395.5,1387.489990234375,1389.6300048828125,0.0,1389.6300048828125
2025-09-04,1392.06005859375,1393.1700439453125,1382.4300537109375,1392.06005859375,0.0,1392.06005859375
2025-09-07,1385.510009765625,1393.3699951171875,1384.699951171875,1385.510009765625,0.0,1385.510009765625
2025-09-08,1385.719970703125,1389.6500244140625,1382.9100341796875,1385.719970703125,0.0,1385.719970703125
2025-09-09,1387.25,1389.52001953125,1385.02001953125,1387.25,0.0,1387.25
2025-09-10,1387.199951171875,1393.1300048828125,1386.030029296875,1387.199951171875,0.0,1387.199951171875
2025-09-11,1389.5,1395.1400146484375,1385.6600341796875,1389.5,0.0,1389.5
2025-09-14,1393.699951171875,1392.8800048828125,1384.18994140625,1393.699951171875,0.0,1393.699951171875
2025-09-15,1385.010009765625,1386.47998046875,1377.739990234375,1385.010009765625,0.0,1385.010009765625
2025-09-16,1377.6400146484375,1381.8499755859375,1374.469970703125,1377.6400146484375,0.0,1377.6400146484375
2025-09-17,1378.68994140625,1390.56005859375,1379.3499755859375,1378.68994140625,0.0,1378.68994140625
2025-09-18,1386.75,1399.3399658203125,1387.300048828125,1386.75,0.0,1386.75
2025-09-21,1396.22998046875,1397.8299560546875,1389.43994140625,1396.22998046875,0.0,1396.22998046875
2025-09-22,1389.3900146484375,1395.1300048828125,1389.47998046875,1389.3900146484375,0.0,1389.3900146484375
2025-09-23,1391.8499755859375,1404.8199462890625,1391.8499755859375,1391.8499755859375,0.0,1391.8499755859375
2025-09-24,1403.6500244140625,1410.8800048828125,1398.1300048828125,1403.6500244140625,0.0,1403.6500244140625
2025-09-25,1408.9200439453125,1413.739990234375,1406.949951171875,1408.9200439453125,0.0,1408.9200439453125
2025-09-28,1408.7099609375,1409.0,1397.72998046875,1408.7099609375,0.0,1408.7099609375
2025-09-29,1399.3299560546875,1405.3699951171875,1398.3900146484375,1399.3299560546875,0.0,1399.3299560546875
2025-09-30,1403.1500244140625,1409.2099609375,1400.199951171875,1403.1500244140625,0.0,1403.1500244140625
2025-10-01,1401.8199462890625,1408.06005859375,1398.1099853515625,1401.8199462890625,0.0,1401.8199462890625
2025-10-02,1405.6300048828125,1412.2099609375,1403.7099609375,1405.6300048828125,0.0,1405.6300048828125
2025-10-05,1406.06005859375,1414.8699951171875,1406.06005859375,1406.06005859375,0.0,1406.06005859375
2025-10-06,1409.9200439453125,1413.52001953125,1407.1099853515625,1409.9200439453125,0.0,1409.9200439453125
2025-10-07,1414.5699462890625,1427.6099853515625,1414.5699462890625,1414.5699462890625,0.0,1414.5699462890625
2025-10-08,1422.52001953125,1423.8199462890625,1415.1199951171875,1422.52001953125,0.0,1422.52001953125
2025-10-09,1421.510009765625,1429.8699951171875,1417.81005859375,1421.510009765625,0.0,1421.510009765625
2025-10-12,1429.030029296875,1431.9300537109375,1423.8900146484375,1429.030029296875,0.0,1429.030029296875
2025-10-13,1426.0699462890625,1435.1700439453125,1424.5400390625,1426.0699462890625,0.0,1426.0699462890625
2025-10-14,1429.4300537109375,1428.5899658203125,1418.3499755859375,1429.4300537109375,0.0,1429.4300537109375
2025-10-15,1420.0899658203125,1420.989990234375,1413.4200439453125,1420.0899658203125,0.0,1420.0899658203125
2025-10-16,1415.719970703125,1425.4200439453125,1415.75,1415.719970703125,0.0,1415.719970703125
2025-10-19,1419.739990234375,1423.780029296875,1416.260009765625,1419.739990234375,0.0,1419.739990234375
2025-10-20,1419.739990234375,1432.3399658203125,1418.1500244140625,1419.739990234375,0.0,1419.739990234375
2025-10-21,1430.739990234375,1432.6400146484375,1427.18994140625,1430.739990234375,0.0,1430.739990234375
2025-10-22,1430.4000244140625,1441.31005859375,1430.5,1430.4000244140625,0.0,1430.4000244140625
2025-10-23,1435.8399658203125,1439.3699951171875,1432.9200439453125,1435.8399658203125,0.0,1435.8399658203125
2025-10-27,1436.969970703125,1436.969970703125,1429.050048828125,1436.969970703125,0.0,1436.969970703125
2025-10-28,1430.969970703125,1438.780029296875,1429.6600341796875,1430.969970703125,0.0,1430.969970703125
2025-10-29,1425.969970703125,1435.25,1418.93994140625,1425.969970703125,0.0,1425.969970703125
2025-10-30,1424.010009765625,1434.8199462890625,1419.0899658203125,1424.010009765625,0.0,1424.010009765625
2025-10-31,1424.02001953125,1430.550048828125,1423.5699462890625,1424.02001953125,0.0,1424.02001953125
2025-11-03,1427.1700439453125,1432.5,1425.27001953125,1427.1700439453125,0.0,1427.1700439453125
2025-11-04,1428.969970703125,1441.0400390625,1430.47998046875,1428.969970703125,0.0,1428.969970703125
2025-11-05,1439.81005859375,1449.27001953125,1439.81005859375,1439.81005859375,0.0,1439.81005859375
2025-11-06,1439.739990234375,1452.030029296875,1439.739990234375,1439.739990234375,0.0,1439.739990234375
2025-11-07,1447.9000244140625,1462.4200439453125,1446.300048828125,1447.9000244140625,0.0,1447.9000244140625
2025-11-10,1454.0,1456.6199951171875,1449.739990234375,1454.0,0.0,1454.0
2025-11-11,1453.6600341796875,1467.050048828125,1453.6600341796875,1456.0899658203125,0.0,1456.0899658203125
2025-11-12,1460.449951171875,1469.72998046875,1458.6800537109375,1459.8399658203125,0.0,1459.8399658203125
2025-11-13,1467.0699462890625,1474.1300048828125,1460.510009765625,1468.02001953125,0.0,1468.02001953125
2025-11-14,1469.0,1473.550048828125,1446.800048828125,1468.7099609375,0.0,1468.7099609375
2025-11-17,1454.1500244140625,1462.449951171875,1453.5,1446.530029296875,0.0,1446.530029296875
2025-11-18,1461.6500244140625,1467.1600341796875,1458.75,1461.68994140625,0.0,1461.68994140625
2025-11-19,1456.550048828125,1468.969970703125,1456.550048828125,1456.550048828125,0.0,1456.550048828125
2025-11-20,1466.1700439453125,1473.43994140625,1465.1800537109375,1466.1300048828125,0.0,1466.1300048828125
2025-11-21,1473.22998046875,1477.6500244140625,1468.5999755859375,1473.25,0.0,1473.25
2025-11-24,1467.72998046875,1479.0400390625,1467.72998046875,1467.72998046875,0.0,1467.72998046875
2025-11-25,1474.4599609375,1475.5699462890625,1463.1300048828125,1474.8599853515625,0.0,1474.8599853515625
2025-11-26,1462.0999755859375,1475.6199951171875,1456.1600341796875,1464.9200439453125,0.0,1464.9200439453125
2025-11-27,1470.2099609375,1470.2099609375,1459.27001953125,1470.5899658203125,0.0,1470.5899658203125
2025-11-28,1461.0799560546875,1471.1600341796875,1322.4200439453125,1461.4000244140625,0.0,1461.4000244140625
2025-12-01,1465.8499755859375,1471.6199951171875,1463.8800048828125,1465.6199951171875,0.0,1465.6199951171875
2025-12-02,1470.18994140625,1472.0400390625,1465.56005859375,1470.1700439453125,0.0,1470.1700439453125
2025-12-03,1467.280029296875,1471.1199951171875,1462.3599853515625,1467.3599853515625,0.0,1467.3599853515625
2025-12-04,1465.3399658203125,1474.219970703125,1464.1500244140625,1465.030029296875,0.0,1465.030029296875
2025-12-05,1472.530029296875,1474.050048828125,1466.8900146484375,1472.3800048828125,0.0,1472.3800048828125
2025-12-08,1471.81005859375,1472.050048828125,1464.7099609375,1471.81005859375,0.0,1471.81005859375
2025-12-09,1468.510009765625,1472.0799560546875,1465.489990234375,1468.510009765625,0.0,1468.510009765625
2025-12-10,1467.9300537109375,1472.3499755859375,1467.510009765625,1467.9300537109375,0.0,1467.9300537109375
2025-12-11,1462.550048828125,1473.9300537109375,1462.550048828125,1469.0400390625,0.0,1469.0400390625
2025-12-12,1471.5799560546875,1479.6500244140625,1469.4000244140625,1470.8499755859375,0.0,1470.8499755859375
2025-12-15,1472.9100341796875,1477.75,1462.4200439453125,1472.9100341796875,0.0,1472.9100341796875
2025-12-16,1467.47998046875,1477.0400390625,1467.25,1467.47998046875,0.0,1467.47998046875
2025-12-17,1471.72998046875,1481.7900390625,1470.4100341796875,1471.739990234375,0.0,1471.739990234375
2025-12-18,1476.1500244140625,1479.5400390625,1471.0,1474.0,0.0,1474.0
2025-12-19,1475.0899658203125,1479.1500244140625,1473.68994140625,1474.3599853515625,0.0,1474.3599853515625
2025-12-22,1473.719970703125,1481.6700439453125,1473.719970703125,1473.719970703125,0.0,1473.719970703125
2025-12-23,1476.8399658203125,1484.4300537109375,1476.8399658203125,1476.8399658203125,0.0,1476.8399658203125
2025-12-24,1478.6700439453125,1478.6700439453125,1429.68994140625,1478.6700439453125,0.0,1478.6700439453125
2025-12-25,,,,,,
2025-12-26,1447.1800537109375,1452.9000244140625,1429.9000244140625,1446.52001953125,0.0,1446.52001953125
2025-12-29,1433.9000244140625,1437.699951171875,1429.6400146484375,1441.3299560546875,0.0,1441.3299560546875
2025-12-30,1430.510009765625,1448.6300048828125,1428.949951171875,1434.7099609375,0.0,1434.7099609375
2025-12-31,1439.550048828125,1449.199951171875,1437.3699951171875,1437.9100341796875,0.0,1437.9100341796875
2026-01-01,,,,,,
2026-01-02,1440.81005859375,1446.6300048828125,1439.0400390625,1443.6400146484375,0.0,1443.6400146484375
2026-01-05,1440.47998046875,1449.75,1440.47998046875,1440.47998046875,0.0,1440.47998046875
2026-01-06,1445.3800048828125,1449.010009765625,1442.1500244140625,1445.56005859375,0.0,1445.56005859375
2026-01-07,1446.449951171875,1449.510009765625,1444.0,1444.9599609375,0.0,1444.9599609375
2026-01-08,1447.5999755859375,1454.300048828125,1445.4300537109375,1446.1400146484375,0.0,1446.1400146484375
2026-01-09,1451.050048828125,1461.4000244140625,1450.6800537109375,1450.0799560546875,0.0,1450.0799560546875
2026-01-12,1455.239990234375,1470.1500244140625,1455.239990234375,1455.239990234375,0.0,1455.239990234375
2026-01-13,1465.5,1477.530029296875,1465.5,1464.9300537109375,0.0,1464.9300537109375
2026-01-14,1476.550048828125,1478.56005859375,1462.5699462890625,1473.010009765625,0.0,1473.010009765625
2026-01-15,1464.3499755859375,1473.22998046875,1463.260009765625,1462.9000244140625,0.0,1462.9000244140625
2026-01-16,1468.3499755859375,1475.699951171875,1467.989990234375,1468.8399658203125,0.0,1468.8399658203125
2026-01-19,1471.5799560546875,1476.52001953125,1469.5,1471.5799560546875,0.0,1471.5799560546875
2026-01-20,1473.800048828125,1479.8800048828125,1473.219970703125,1471.52001953125,0.0,1471.52001953125
2026-01-21,1479.4100341796875,1479.8499755859375,1462.739990234375,1477.780029296875,0.0,1477.780029296875
2026-01-22,1465.3299560546875,1470.9300537109375,1463.25,1464.8299560546875,0.0,1464.8299560546875
2026-01-23,1463.75,1469.6300048828125,1460.5799560546875,1463.260009765625,0.0,1463.260009765625
2026-01-26,1447.9000244140625,1448.5,1432.449951171875,1444.81005859375,0.0,1444.81005859375
2026-01-27,1450.0999755859375,1451.050048828125,1435.06005859375,1440.97998046875,0.0,1440.97998046875
2026-01-28,1432.22998046875,1436.8699951171875,1420.1099853515625,1432.510009765625,0.0,1432.510009765625
2026-01-29,1427.949951171875,1438.989990234375,1423.3199462890625,1429.27001953125,0.0,1429.27001953125
2026-01-30,1429.949951171875,1446.719970703125,1429.949951171875,1428.760009765625,0.0,1428.760009765625
2026-02-02,1449.0999755859375,1464.530029296875,1447.6199951171875,1448.800048828125,0.0,1448.800048828125
2026-02-03,1451.699951171875,1453.030029296875,1438.800048828125,1452.5400390625,0.0,1452.5400390625
2026-02-04,1447.68994140625,1459.5999755859375,1447.3699951171875,1446.6800537109375,0.0,1446.6800537109375
2026-02-05,1459.3800048828125,1468.6400146484375,1457.800048828125,1460.1099853515625,0.0,1460.1099853515625
2026-02-06,1471.5,1473.8800048828125,1461.43994140625,1470.6800537109375,0.0,1470.6800537109375
2026-02-09,1461.56005859375,1467.9599609375,1452.8199462890625,1462.4000244140625,0.0,1462.4000244140625
2026-02-10,1457.2099609375,1462.530029296875,1452.43994140625,1458.5400390625,0.0,1458.5400390625
2026-02-11,1456.2099609375,1457.8599853515625,1445.3699951171875,1455.3299560546875,0.0,1455.3299560546875
2026-02-12,1447.300048828125,1449.6800537109375,1431.5400390625,1444.18994140625,0.0,1444.18994140625
2026-02-13,1440.1099853515625,1448.3499755859375,1438.3499755859375,1440.9000244140625,0.0,1440.9000244140625
2026-02-16,1443.1400146484375,1444.81005859375,1436.1800537109375,1439.52001953125,0.0,1439.52001953125
2026-02-17,1440.219970703125,1448.8699951171875,1439.3499755859375,1440.22998046875,0.0,1440.22998046875
2026-02-18,1439.949951171875,1449.699951171875,1439.449951171875,1439.969970703125,0.0,1439.969970703125
2026-02-19,1449.9000244140625,1452.1500244140625,1443.1199951171875,1440.1600341796875,0.0,1440.1600341796875
2026-02-20,1449.199951171875,1450.7099609375,1441.7900390625,1447.75,0.0,1447.75
2026-02-23,1439.949951171875,1445.25,1438.3699951171875,1443.43994140625,0.0,1443.43994140625
2026-02-24,1443.5999755859375,1446.8599853515625,1437.9200439453125,1442.199951171875,0.0,1442.199951171875
2026-02-25,1440.800048828125,1440.8699951171875,1424.0699462890625,1439.989990234375,0.0,1439.989990234375
2026-02-26,1426.9200439453125,1437.030029296875,1418.239990234375,1426.9300537109375,0.0,1426.9300537109375
2026-02-27,1431.5400390625,1444.5699462890625,1429.3599853515625,1432.3199462890625,0.0,1432.3199462890625
2026-03-02,1453.050048828125,1471.22998046875,1437.800048828125,1438.5,0.0,1438.5
2026-03-03,1452.27001953125,1506.25,1452.27001953125,1452.27001953125,0.0,1452.27001953125
2026-03-04,1476.699951171875,1482.4100341796875,1457.739990234375,1483.0699462890625,0.0,1483.0699462890625
2026-03-05,1462.0999755859375,1486.4100341796875,1455.280029296875,1460.75,0.0,1460.75
2026-03-06,1478.300048828125,1495.27001953125,1467.4599609375,1479.510009765625,0.0,1479.510009765625
2026-03-09,1493.050048828125,1497.949951171875,1476.1500244140625,1483.8900146484375,0.0,1483.8900146484375
2026-03-10,1465.8299560546875,1479.47998046875,1411.530029296875,1464.469970703125,0.0,1464.469970703125
2026-03-11,1472.06005859375,1476.3900146484375,1463.4100341796875,1472.780029296875,0.0,1472.780029296875
2026-03-12,1476.719970703125,1495.3399658203125,1474.280029296875,1475.3399658203125,0.0,1475.3399658203125
2026-03-13,1487.8699951171875,1501.18994140625,1485.3499755859375,1470.5799560546875,0.0,1470.5799560546875
2026-03-16,1493.199951171875,1499.949951171875,1484.8699951171875,1501.75,0.0,1501.75
2026-03-17,1488.9200439453125,1494.9300537109375,1484.43994140625,1488.9100341796875,0.0,1488.9100341796875
2026-03-18,1486.050048828125,1504.3699951171875,1481.8199462890625,1484.8699951171875,0.0,1484.8699951171875
2026-03-19,1503.5,1504.43994140625,1493.1600341796875,1505.25,0.0,1505.25
2026-03-20,1488.0,1505.3499755859375,1486.1400146484375,1489.8399658203125,0.0,1489.8399658203125
2026-03-23,1505.1500244140625,1517.739990234375,1479.6199951171875,1504.2099609375,0.0,1504.2099609375
2026-03-24,1485.8199462890625,1502.6700439453125,1485.8199462890625,1485.3599853515625,0.0,1485.3599853515625
2026-03-25,1490.5999755859375,1505.27001953125,1489.4300537109375,1497.31005859375,0.0,1497.31005859375
2026-03-26,1501.25,1509.300048828125,1501.25,1500.969970703125,0.0,1500.969970703125
2026-03-27,1508.0799560546875,1511.989990234375,1503.1500244140625,1508.3599853515625,0.0,1508.3599853515625
2026-03-29,1509.2099609375,1521.6300048828125,1509.2099609375,1507.02001953125,0.0,1507.02001953125
2026-03-30,1518.280029296875,1536.8199462890625,1518.280029296875,1516.1300048828125,0.0,1516.1300048828125
2026-03-31,1508.1500244140625,1513.280029296875,1497.1199951171875,1503.3299560546875,0.0,1503.3299560546875
2026-04-01,1512.030029296875,1523.510009765625,1506.530029296875,1512.0899658203125,0.0,1512.0899658203125
2026-04-02,1506.300048828125,1511.43994140625,1504.300048828125,1509.219970703125,0.0,1509.219970703125
2026-04-05,1509.6500244140625,1511.3499755859375,1498.4000244140625,1509.260009765625,0.0,1509.260009765625
2026-04-06,1507.5999755859375,1512.56005859375,1494.199951171875,1507.8499755859375,0.0,1507.8499755859375
2026-04-07,1500.050048828125,1500.050048828125,1469.8699951171875,1499.1300048828125,0.0,1499.1300048828125
2026-04-08,1480.0999755859375,1484.4000244140625,1470.6199951171875,1477.5999755859375,0.0,1477.5999755859375
2026-04-09,1474.5,1486.550048828125,1473.72998046875,1473.280029296875,0.0,1473.280029296875
2026-04-12,1482.1600341796875,1496.800048828125,1482.1600341796875,1482.1800537109375,0.0,1482.1800537109375
2026-04-13,1477.4300537109375,1485.1400146484375,1467.06005859375,1476.8399658203125,0.0,1476.8399658203125
2026-04-14,1470.739990234375,1478.949951171875,1469.239990234375,1469.4200439453125,0.0,1469.4200439453125
2026-04-15,1472.800048828125,1479.3199462890625,1466.5899658203125,1474.06005859375,0.0,1474.06005859375
2026-04-16,1481.75,1485.239990234375,1453.6300048828125,1477.9200439453125,0.0,1477.9200439453125
2026-04-19,1465.1500244140625,1478.6400146484375,1464.489990234375,1465.1500244140625,0.0,1465.1500244140625
2026-04-20,1471.0699462890625,1479.1199951171875,1466.9100341796875,1469.260009765625,0.0,1469.260009765625
2026-04-21,1478.1300048828125,1481.9000244140625,1473.3199462890625,1485.800048828125,0.0,1485.800048828125
2026-04-22,1477.0,1484.4000244140625,1475.47998046875,1477.9599609375,0.0,1477.9599609375
2026-04-23,1481.1800537109375,1485.6600341796875,1473.5400390625,1479.949951171875,0.0,1479.949951171875
2026-04-26,1476.4100341796875,1477.0999755859375,1468.0999755859375,1474.68994140625,0.0,1474.68994140625
2026-04-27,1473.0899658203125,1478.219970703125,1470.68994140625,1473.0,0.0,1473.0
2026-04-28,1471.739990234375,1488.18994140625,1471.1400146484375,1471.989990234375,0.0,1471.989990234375
2026-04-29,1485.2900390625,1487.5699462890625,1471.1800537109375,1487.3800048828125,0.0,1487.3800048828125
2026-04-30,1473.449951171875,1476.3699951171875,1466.030029296875,1474.010009765625,0.0,1474.010009765625
2026-05-03,1471.6400146484375,1476.25,1463.489990234375,1471.72998046875,0.0,1471.72998046875
2026-05-04,1476.050048828125,1478.050048828125,1466.1700439453125,1476.050048828125,0.0,1476.050048828125
2026-05-05,1463.3499755859375,1472.8599853515625,1439.1500244140625,1473.9599609375,0.0,1473.9599609375
2026-05-06,1446.1700439453125,1454.6300048828125,1445.5999755859375,1444.449951171875,0.0,1444.449951171875
2026-05-07,1457.6300048828125,1470.780029296875,1457.02001953125,1454.7900390625,0.0,1454.7900390625
2026-05-10,1462.2099609375,1476.68994140625,1462.2099609375,1460.550048828125,0.0,1460.550048828125
2026-05-11,1474.1800537109375,1493.93994140625,1474.1800537109375,1474.449951171875,0.0,1474.449951171875
2026-05-12,1493.18994140625,1499.7900390625,1486.050048828125,1492.989990234375,0.0,1492.989990234375
2026-05-13,1489.969970703125,1494.02001953125,1487.6400146484375,1489.8399658203125,0.0,1489.8399658203125
2026-05-14,1493.550048828125,1505.780029296875,1493.550048828125,1493.3399658203125,0.0,1493.3399658203125
2026-05-17,1499.18994140625,1506.6600341796875,1491.8800048828125,1497.1500244140625,0.0,1497.1500244140625
2026-05-18,1493.1199951171875,1512.6800537109375,1493.1199951171875,1492.3199462890625,0.0,1492.3199462890625
2026-05-19,1509.3599853515625,1513.030029296875,1492.27001953125,1507.8499755859375,0.0,1507.8499755859375
2026-05-20,1499.030029296875,1510.81005859375,1497.719970703125,1499.77001953125,0.0,1499.77001953125
2026-05-21,1505.8499755859375,1519.1400146484375,1505.8499755859375,1504.4000244140625,0.0,1504.4000244140625
2026-05-24,1512.8299560546875,1515.4599609375,1504.800048828125,1512.8299560546875,0.0,1512.8299560546875
2026-05-25,1513.9200439453125,1515.1600341796875,1500.1600341796875,1514.7900390625,0.0,1514.7900390625
2026-05-26,1505.6800537109375,1506.2900390625,1493.3599853515625,1505.43994140625,0.0,1505.43994140625
2026-05-27,1505.1800537109375,1510.68994140625,1492.6300048828125,1503.1099853515625,0.0,1503.1099853515625
2026-05-28,1495.6099853515625,1510.1800537109375,1495.6099853515625,1495.2900390625,0.0,1495.2900390625
2026-05-31,1507.6199951171875,1518.0,1501.949951171875,1506.8399658203125,0.0,1506.8399658203125
2026-06-01,1512.030029296875,1519.9300537109375,1509.1800537109375,1511.27001953125,0.0,1511.27001953125
2026-06-02,1516.9300537109375,1534.550048828125,1514.739990234375,1516.5999755859375,0.0,1516.5999755859375
2026-06-03,1529.25,1540.050048828125,1521.0,1530.1099853515625,0.0,1530.1099853515625
2026-06-04,1534.0799560546875,1556.3900146484375,1532.1600341796875,1533.0699462890625,0.0,1533.0699462890625
2026-06-07,1554.280029296875,1555.4100341796875,1525.1099853515625,1554.47998046875,0.0,1554.47998046875
2026-06-08,1529.9599609375,1532.9599609375,1509.719970703125,1528.8800048828125,0.0,1528.8800048828125
2026-06-09,1525.510009765625,1528.2900390625,1514.8699951171875,1525.81005859375,0.0,1525.81005859375
2026-06-10,1524.25,1533.739990234375,1523.0899658203125,1525.050048828125,0.0,1525.050048828125
2026-06-11,1517.5999755859375,1523.6099853515625,1513.8199462890625,1517.3800048828125,0.0,1517.3800048828125
2026-06-14,1509.239990234375,1515.280029296875,1503.1600341796875,1509.5,0.0,1509.5
2026-06-15,1513.22998046875,1517.18994140625,1504.1500244140625,1513.31005859375,0.0,1513.31005859375
2026-06-16,1512.449951171875,1517.489990234375,1509.3699951171875,1510.9599609375,0.0,1510.9599609375
2026-06-17,1524.469970703125,1540.449951171875,1519.2099609375,1525.4200439453125,0.0,1525.4200439453125
2026-06-18,1535.22998046875,1540.1300048828125,1525.0899658203125,1537.56005859375,0.0,1537.56005859375
2026-06-21,1530.0400390625,1541.1700439453125,1529.550048828125,1531.3299560546875,0.0,1531.3299560546875
2026-06-22,1539.5400390625,1541.6600341796875,1531.199951171875,1539.050048828125,0.0,1539.050048828125
2026-06-23,1533.31005859375,1548.27001953125,1533.31005859375,1535.25,0.0,1535.25
2026-06-24,1543.3299560546875,1549.0799560546875,1537.43994140625,1542.760009765625,0.0,1542.760009765625
2026-06-25,1544.93994140625,1549.8299560546875,1531.550048828125,1546.47998046875,0.0,1546.47998046875
2026-06-28,1535.6500244140625,1545.6300048828125,1534.739990234375,1535.239990234375,0.0,1535.239990234375
2026-06-29,1542.4200439453125,1554.7099609375,1542.4200439453125,1541.72998046875,0.0,1541.72998046875
2026-06-30,1552.0999755859375,1558.8800048828125,1549.1300048828125,1548.6099853515625,0.0,1548.6099853515625
2026-07-01,1551.4000244140625,1556.530029296875,1537.18994140625,1551.81005859375,0.0,1551.81005859375
2026-07-02,1544.52001953125,1547.6500244140625,1525.3800048828125,1542.1300048828125,0.0,1542.1300048828125
2026-07-05,1531.5799560546875,1536.550048828125,1526.1400146484375,1531.0,0.0,1531.0
2026-07-06,1528.300048828125,1531.56005859375,1509.8599853515625,1528.760009765625,0.0,1528.760009765625
2026-07-07,1521.050048828125,1521.2099609375,1498.9599609375,1519.8599853515625,0.0,1519.8599853515625
2026-07-08,1504.2099609375,1587.699951171875,1497.489990234375,1503.3499755859375,0.0,1503.3499755859375
2026-07-09,1507.0999755859375,1512.719970703125,1499.1500244140625,1505.9100341796875,0.0,1505.9100341796875
2026-07-12,1498.050048828125,1508.780029296875,1490.8399658203125,1498.47998046875,0.0,1498.47998046875
2026-07-13,1498.030029296875,1499.0799560546875,1485.06005859375,1497.699951171875,0.0,1497.699951171875
2026-07-14,1488.93994140625,1493.8199462890625,1484.6500244140625,1487.8800048828125,0.0,1487.8800048828125
2026-07-15,1486.1500244140625,1488.800048828125,1476.3699951171875,1486.199951171875,0.0,1486.199951171875
2026-07-16,1478.6800537109375,1491.199951171875,1470.0,1478.8499755859375,0.0,1478.8499755859375
2026-07-19,1487.699951171875,1489.300048828125,1477.0899658203125,1487.3900146484375,0.0,1487.3900146484375
2026-07-20,1474.6400146484375,1481.5699462890625,1470.5999755859375,1475.010009765625,0.0,1475.010009765625
2026-07-21,1479.9100341796875,1484.199951171875,1475.0999755859375,1479.719970703125,0.0,1479.719970703125
2026-07-22,1475.0,1476.8900146484375,1465.1300048828125,1475.6300048828125,0.0,1475.6300048828125
2026-07-23,1474.5699462890625,1474.699951171875,1458.1500244140625,1474.0400390625,0.0,1474.0400390625
2026-07-26,1457.75,1471.72998046875,1457.3399658203125,1458.010009765625,0.0,1458.010009765625
2026-07-27,1466.9200439453125,1470.969970703125,1452.219970703125,1464.43994140625,0.0,1464.43994140625
2026-07-28,1455.3299560546875,1456.3499755859375,1441.550048828125,1453.1600341796875,0.0,1453.1600341796875
2026-07-29,1441.77001953125,1447.4599609375,1417.9300537109375,1442.280029296875,0.0,1442.280029296875
2026-07-30,1424.2099609375,1444.5,1424.2099609375,1420.5999755859375,0.0,1420.5999755859375
2026-08-02,1435.1700439453125,1440.93994140625,1424.989990234375,1435.699951171875,0.0,1435.699951171875
2026-08-03,1431.6700439453125,1435.8499755859375,1420.8499755859375,1428.5,0.0,1428.5
2026-08-04,1430.3299560546875,1430.3299560546875,1420.1500244140625,1428.4300537109375,0.0,1428.4300537109375
2026-08-05,1420.719970703125,1429.31005859375,1414.469970703125,1421.1600341796875,0.0,1421.1600341796875
2026-08-06,1423.239990234375,1424.1500244140625,1406.3599853515625,1422.300048828125,0.0,1422.300048828125
2026-08-09,1406.9200439453125,1419.530029296875,1406.9200439453125,1407.0,0.0,1407.0
2026-08-10,1418.1500244140625,1418.4300537109375,1408.9000244140625,1417.31005859375,0.0,1417.31005859375
2026-08-11,1412.31005859375,1418.530029296875,1411.0799560546875,,0.0,
2026-08-12,1412.31005859375,1418.530029296875,1411.0799560546875,1415.760009765625,0.0,1415.760009765625
